brand_id,date,brand_name,impression.score,impression.unaware,impression.negative,impression.volume,impression.positive,impression.neutral,quality.score,quality.unaware,quality.negative,quality.volume,quality.positive,quality.neutral,value.score,value.unaware,value.negative,value.volume,quality.positive,value.neutral,consider.volume,consider.no,consider.yes,consider.score,adaware.volume,adaware.no,adaware.yes,adaware.score,reputation.score,reputation.unaware,reputation.negative,reputation.volume,reputation.positive,reputation.neutral,likelybuy.volume,likelybuy.no,likelybuy.yes,likelybuy.score,buzz.score,buzz.unaware,buzz.negative,buzz.volume,buzz.positive,buzz.neutral,attention.volume,attention.no,attention.yes,attention.score,satisfaction.score,satisfaction.unaware,satisfaction.negative,satisfaction.volume,satisfaction.positive,satisfaction.neutral,region,sector_type,sector_name,filters_applied
18017,1/1/2021,IHOP,32.44,54.58,41.78,597.82,235.70,265.76,22.41,54.58,51.53,597.82,185.49,306.21,22.74,54.58,39.02,597.82,174.98,329.24,597.82,483.54,114.28,19.12,597.82,500.60,97.22,16.26,10.75,54.58,52.24,597.82,116.49,374.50,597.82,579.99,17.83,2.98,9.26,54.58,14.77,597.82,70.14,458.33,597.82,512.92,84.91,14.20,25.95,184.93,46.82,597.82,201.95,164.12,us,Custom Sectors,BLOOMIN,
15010,1/1/2021,LongHorn Steakhouse,25.25,97.81,8.80,280.00,79.49,93.89,23.20,97.81,7.46,280.00,72.42,102.31,14.86,97.81,9.88,280.00,51.50,120.80,280.00,232.58,47.42,16.93,280.00,260.43,19.57,6.99,14.90,97.81,13.84,280.00,55.57,112.77,280.00,258.79,21.21,7.58,6.92,97.81,1.91,280.00,21.27,159.01,280.00,256.82,23.18,8.28,21.84,193.15,1.91,280.00,63.06,21.88,us,Custom Sectors,BLOOMIN,
15015,1/1/2021,Outback Steakhouse,38.68,39.60,20.12,280.00,128.43,91.85,39.84,39.60,15.76,280.00,127.32,97.32,26.19,39.60,18.13,280.00,91.46,130.81,280.00,193.87,86.13,30.76,280.00,234.10,45.90,16.39,19.55,39.60,26.30,280.00,81.04,133.06,280.00,238.36,41.64,14.87,11.15,39.60,7.27,280.00,38.47,194.66,280.00,234.26,45.74,16.34,36.82,117.31,11.19,280.00,114.28,37.22,us,Custom Sectors,BLOOMIN,
1000490,1/1/2021,Five Guys,28.07,113.42,36.33,587.77,201.31,236.71,26.35,113.42,27.69,587.77,182.55,264.10,13.37,113.42,52.75,587.77,131.32,290.28,587.77,444.69,143.08,24.34,587.77,552.18,35.60,6.06,10.56,113.42,37.41,587.77,99.47,337.47,587.77,541.20,46.57,7.92,6.74,113.42,18.87,587.77,58.50,396.97,587.77,510.40,77.38,13.16,23.96,303.33,27.53,587.77,168.36,88.56,us,Custom Sectors,BLOOMIN,
17003,1/1/2021,Burger King,21.15,78.95,82.93,835.63,259.64,414.12,8.81,78.95,105.14,835.63,178.75,472.78,21.48,78.95,74.65,835.63,254.15,427.88,835.63,595.60,240.03,28.72,835.63,568.45,267.18,31.97,-2.19,78.95,143.64,835.63,125.31,487.72,835.63,790.46,45.16,5.40,9.28,78.95,48.05,835.63,125.61,583.02,835.63,661.97,173.66,20.78,23.29,218.92,83.70,835.63,278.32,254.69,us,Custom Sectors,BLOOMIN,
17010,1/1/2021,KFC,23.82,59.26,82.28,817.78,277.06,399.18,14.86,59.26,86.04,817.78,207.59,464.90,14.91,59.26,87.58,817.78,209.53,461.41,817.78,630.31,187.47,22.92,817.78,573.00,244.78,29.93,2.42,59.26,120.56,817.78,140.38,497.59,817.78,791.70,26.08,3.19,12.01,59.26,29.08,817.78,127.33,602.11,817.78,661.37,156.41,19.13,25.07,246.32,68.62,817.78,273.59,229.25,us,Custom Sectors,BLOOMIN,
16019,1/1/2021,Olive Garden,37.99,39.76,45.97,498.00,235.17,177.10,34.07,39.76,41.97,498.00,211.64,204.62,29.02,39.76,54.90,498.00,199.43,203.91,498.00,335.24,162.76,32.68,498.00,369.22,128.78,25.86,17.67,39.76,52.14,498.00,140.12,265.98,498.00,452.58,45.42,9.12,14.47,39.76,16.73,498.00,88.81,352.71,498.00,392.47,105.53,21.19,32.99,144.28,49.49,498.00,213.78,90.45,us,Custom Sectors,BLOOMIN,
15006,1/1/2021,Fleming's,8.44,235.37,0.63,280.00,24.27,19.72,5.32,235.37,3.08,280.00,17.98,23.57,-0.61,235.37,5.13,280.00,3.41,36.09,280.00,275.72,4.28,1.53,280.00,277.42,2.58,0.92,4.55,235.37,5.15,280.00,17.90,21.58,280.00,280.00,0.00,0.00,1.31,235.37,0.00,280.00,3.67,40.96,280.00,276.33,3.67,1.31,2.14,269.64,0.00,280.00,6.00,4.36,us,Custom Sectors,BLOOMIN,
17014,1/1/2021,McDonald's,21.14,71.46,130.69,821.96,304.46,315.34,2.69,71.46,157.28,821.96,179.40,413.81,21.01,71.46,112.72,821.96,285.43,352.35,821.96,504.41,317.55,38.63,821.96,461.62,360.34,43.84,-5.32,71.46,172.53,821.96,128.80,449.16,821.96,726.73,95.23,11.59,10.34,71.46,67.40,821.96,152.40,530.69,821.96,602.16,219.80,26.74,27.30,162.33,110.98,821.96,335.42,213.23,us,Custom Sectors,BLOOMIN,
1000638,1/1/2021,Chipotle,22.05,77.58,61.62,602.85,194.54,269.11,27.02,77.58,41.77,602.85,204.67,278.84,13.87,77.58,61.52,602.85,145.14,318.62,602.85,458.58,144.27,23.93,602.85,513.51,89.34,14.82,14.41,77.58,44.96,602.85,131.84,348.47,602.85,550.19,52.66,8.74,9.06,77.58,24.53,602.85,79.14,421.61,602.85,499.19,103.66,17.20,22.89,330.06,24.58,602.85,162.60,85.62,us,Custom Sectors,BLOOMIN,
17016,1/1/2021,Popeyes,22.58,106.53,70.25,839.95,259.90,403.26,14.52,106.53,75.69,839.95,197.64,460.09,12.23,106.53,59.54,839.95,162.23,511.65,839.95,666.12,173.83,20.70,839.95,664.46,175.49,20.89,3.87,106.53,101.50,839.95,133.97,497.95,839.95,798.10,41.85,4.98,11.74,106.53,33.82,839.95,132.44,567.16,839.95,673.69,166.26,19.79,18.05,431.66,56.42,839.95,208.00,143.87,us,Custom Sectors,BLOOMIN,
16018,1/1/2021,Romano's Macaroni Grill,15.47,272.49,8.15,498.00,85.18,132.18,14.36,272.49,7.53,498.00,79.06,138.92,6.49,272.49,12.26,498.00,44.59,168.66,498.00,466.51,31.49,6.32,498.00,495.28,2.72,0.55,9.08,272.49,12.92,498.00,58.12,154.47,498.00,495.35,2.65,0.53,1.94,272.49,1.38,498.00,11.05,213.08,498.00,485.57,12.43,2.50,10.84,402.91,4.71,498.00,58.68,31.70,us,Custom Sectors,BLOOMIN,
18021,1/1/2021,Panera Bread,36.09,89.07,30.95,591.04,244.23,226.78,39.44,89.07,17.08,591.04,250.20,234.68,8.72,89.07,76.25,591.04,127.78,297.93,591.04,432.92,158.11,26.75,591.04,486.97,104.07,17.61,22.06,89.07,31.46,591.04,161.86,308.65,591.04,528.25,62.78,10.62,11.85,89.07,15.31,591.04,85.34,401.31,591.04,490.38,100.65,17.03,29.38,267.03,25.80,591.04,199.47,98.73,us,Custom Sectors,BLOOMIN,
15022,1/1/2021,Texas Roadhouse,38.95,61.71,9.27,280.00,118.32,90.69,33.66,61.71,15.49,280.00,109.75,93.05,30.02,61.71,8.78,280.00,92.84,116.67,280.00,199.41,80.59,28.78,280.00,258.77,21.23,7.58,20.04,61.71,22.28,280.00,78.39,117.63,280.00,225.40,54.60,19.50,14.05,61.71,3.01,280.00,42.36,172.92,280.00,234.63,45.37,16.20,34.45,143.39,12.00,280.00,108.45,16.16,us,Custom Sectors,BLOOMIN,
17021,1/1/2021,Taco Bell,18.82,71.98,107.74,833.25,264.59,388.93,2.17,71.98,142.74,833.25,160.83,457.70,16.97,71.98,94.88,833.25,236.28,430.10,833.25,608.96,224.28,26.92,833.25,594.68,238.56,28.63,-2.63,71.98,144.38,833.25,122.42,494.47,833.25,789.82,43.43,5.21,6.89,71.98,52.96,833.25,110.35,597.96,833.25,669.93,163.31,19.60,23.30,261.26,73.30,833.25,267.46,231.22,us,Custom Sectors,BLOOMIN,
18017,1/8/2021,IHOP,33.92,64.92,41.41,587.77,240.79,240.66,21.72,64.92,50.59,587.77,178.26,294.00,20.80,64.92,52.57,587.77,174.82,295.46,587.77,458.83,128.94,21.94,587.77,471.40,116.37,19.80,9.69,64.92,73.09,587.77,130.05,319.72,587.77,551.14,36.64,6.23,11.68,64.92,14.05,587.77,82.71,426.09,587.77,491.01,96.76,16.46,29.71,209.03,39.43,587.77,214.08,125.24,us,Custom Sectors,BLOOMIN,
15010,1/8/2021,LongHorn Steakhouse,26.18,101.61,6.19,277.00,78.70,90.50,23.49,101.61,6.61,277.00,71.67,97.10,11.92,101.61,14.53,277.00,47.54,113.32,277.00,228.97,48.03,17.34,277.00,256.06,20.94,7.56,20.05,101.61,12.24,277.00,67.79,95.37,277.00,265.22,11.78,4.25,7.58,101.61,2.96,277.00,23.95,148.48,277.00,250.09,26.91,9.71,16.92,200.26,3.69,277.00,50.56,22.49,us,Custom Sectors,BLOOMIN,
15015,1/8/2021,Outback Steakhouse,41.59,30.40,18.95,277.00,134.15,93.50,40.29,30.40,15.67,277.00,127.26,103.68,24.17,30.40,24.76,277.00,91.70,130.15,277.00,211.69,65.31,23.58,277.00,218.48,58.52,21.13,24.93,30.40,23.35,277.00,92.39,130.86,277.00,242.40,34.60,12.49,11.59,30.40,5.99,277.00,38.09,202.53,277.00,232.92,44.08,15.91,31.05,119.32,15.16,277.00,101.16,41.35,us,Custom Sectors,BLOOMIN,
1000490,1/8/2021,Five Guys,30.39,114.38,28.07,573.89,202.46,228.99,29.97,114.38,21.05,573.89,193.03,245.44,20.21,114.38,33.38,573.89,149.35,276.78,573.89,437.82,136.07,23.71,573.89,546.43,27.46,4.78,12.61,114.38,41.39,573.89,113.76,304.36,573.89,525.87,48.02,8.37,9.01,114.38,10.03,573.89,61.74,387.74,573.89,502.12,71.77,12.51,26.38,286.43,32.98,573.89,184.38,70.10,us,Custom Sectors,BLOOMIN,
17003,1/8/2021,Burger King,24.55,69.33,90.00,839.39,296.07,384.00,11.70,69.33,106.33,839.39,204.51,459.22,22.31,69.33,77.63,839.39,264.89,427.54,839.39,616.24,223.15,26.58,839.39,586.80,252.58,30.09,-0.20,69.33,135.77,839.39,134.12,500.17,839.39,791.39,48.00,5.72,13.60,69.33,36.19,839.39,150.33,583.54,839.39,652.87,186.52,22.22,26.56,217.52,69.13,839.39,292.10,260.63,us,Custom Sectors,BLOOMIN,
17010,1/8/2021,KFC,22.59,81.79,83.46,845.86,274.50,406.11,15.99,81.79,89.09,845.86,224.38,450.60,10.51,81.79,93.15,845.86,182.08,488.84,845.86,667.01,178.85,21.14,845.86,608.85,237.01,28.02,1.39,81.79,118.73,845.86,130.48,514.87,845.86,811.32,34.54,4.08,11.07,81.79,25.28,845.86,118.89,619.90,845.86,701.69,144.17,17.04,21.42,248.11,75.92,845.86,257.10,264.74,us,Custom Sectors,BLOOMIN,
16019,1/8/2021,Olive Garden,38.90,56.55,46.58,485.00,235.26,146.61,30.57,56.55,56.19,485.00,204.44,167.81,25.89,56.55,50.60,485.00,176.15,201.69,485.00,343.47,141.53,29.18,485.00,367.40,117.60,24.25,20.68,56.55,44.17,485.00,144.47,239.81,485.00,441.94,43.06,8.88,16.15,56.55,18.09,485.00,96.41,313.95,485.00,370.50,114.50,23.61,33.18,151.55,37.56,485.00,198.49,97.40,us,Custom Sectors,BLOOMIN,
15006,1/8/2021,Fleming's,3.74,225.31,6.58,277.00,16.94,28.17,4.63,225.31,2.49,277.00,15.31,33.89,-0.45,225.31,5.06,277.00,3.82,42.81,277.00,269.94,7.06,2.55,277.00,275.52,1.48,0.53,4.62,225.31,1.65,277.00,14.46,35.58,277.00,277.00,0.00,0.00,0.22,225.31,2.49,277.00,3.11,46.09,277.00,271.40,5.60,2.02,2.70,263.50,0.75,277.00,8.22,4.53,us,Custom Sectors,BLOOMIN,
17014,1/8/2021,McDonald's,19.92,49.49,127.24,835.62,293.67,365.21,5.17,49.49,162.87,835.62,206.07,417.19,20.96,49.49,108.28,835.62,283.42,394.43,835.62,528.06,307.56,36.81,835.62,465.63,369.99,44.28,-2.21,49.49,176.09,835.62,157.62,452.42,835.62,708.32,127.30,15.23,11.90,49.49,61.29,835.62,160.77,564.06,835.62,613.56,222.06,26.57,22.51,167.80,117.77,835.62,305.85,244.20,us,Custom Sectors,BLOOMIN,
1000638,1/8/2021,Chipotle,20.92,84.42,66.26,593.78,190.46,252.65,23.47,84.42,54.66,593.78,194.02,260.69,19.33,84.42,44.08,593.78,158.85,306.43,593.78,444.51,149.27,25.14,593.78,520.29,73.50,12.38,10.88,84.42,64.00,593.78,128.63,316.73,593.78,532.00,61.78,10.40,10.32,84.42,14.76,593.78,76.05,418.55,593.78,502.98,90.81,15.29,25.54,318.77,22.79,593.78,174.45,77.77,us,Custom Sectors,BLOOMIN,
17016,1/8/2021,Popeyes,19.93,115.33,76.87,847.36,245.71,409.45,15.87,115.33,63.94,847.36,198.44,469.65,9.80,115.33,68.11,847.36,151.12,512.80,847.36,688.20,159.16,18.78,847.36,684.49,162.87,19.22,0.67,115.33,106.83,847.36,112.54,512.66,847.36,810.48,36.88,4.35,10.25,115.33,24.07,847.36,110.89,597.07,847.36,712.40,134.96,15.93,16.61,441.60,44.67,847.36,185.41,175.68,us,Custom Sectors,BLOOMIN,
16018,1/8/2021,Romano's Macaroni Grill,7.95,292.59,14.46,485.00,53.02,124.92,7.66,292.59,17.30,485.00,54.45,120.65,2.47,292.59,16.81,485.00,28.77,146.82,485.00,464.46,20.54,4.23,485.00,476.87,8.13,1.68,6.20,292.59,13.82,485.00,43.91,134.67,485.00,483.59,1.41,0.29,1.46,292.59,3.28,485.00,10.35,178.78,485.00,471.37,13.63,2.81,5.13,406.78,6.37,485.00,31.27,40.59,us,Custom Sectors,BLOOMIN,
18021,1/8/2021,Panera Bread,35.41,92.48,35.73,584.10,242.57,213.32,36.43,92.48,23.96,584.10,236.74,230.92,10.42,92.48,76.14,584.10,136.99,278.49,584.10,421.97,162.14,27.76,584.10,484.71,99.39,17.02,17.68,92.48,49.48,584.10,152.73,289.41,584.10,533.27,50.83,8.70,13.89,92.48,5.80,584.10,86.91,398.91,584.10,491.39,92.71,15.87,30.41,266.19,28.08,584.10,205.69,84.14,us,Custom Sectors,BLOOMIN,
15022,1/8/2021,Texas Roadhouse,33.05,62.17,13.32,277.00,104.86,96.64,31.91,62.17,8.02,277.00,96.42,110.38,24.24,62.17,14.77,277.00,81.93,118.12,277.00,211.15,65.85,23.77,277.00,255.08,21.92,7.91,21.27,62.17,19.21,277.00,78.12,117.50,277.00,235.02,41.98,15.16,12.36,62.17,3.19,277.00,37.43,174.20,277.00,236.38,40.62,14.67,28.96,169.31,4.19,277.00,84.42,19.08,us,Custom Sectors,BLOOMIN,
17021,1/8/2021,Taco Bell,19.47,68.55,111.18,851.42,276.92,394.76,6.39,68.55,126.86,851.42,181.23,474.78,20.68,68.55,95.41,851.42,271.47,415.99,851.42,625.62,225.79,26.52,851.42,598.48,252.94,29.71,-2.88,68.55,142.94,851.42,118.44,521.48,851.42,804.05,47.36,5.56,12.36,68.55,34.07,851.42,139.28,609.52,851.42,678.07,173.35,20.36,20.46,267.69,85.03,851.42,259.27,239.43,us,Custom Sectors,BLOOMIN,
18017,1/15/2021,IHOP,32.10,45.83,58.57,570.69,241.76,224.53,24.15,45.83,62.23,570.69,200.07,262.56,27.02,45.83,51.58,570.69,205.75,267.53,570.69,439.18,131.51,23.04,570.69,430.80,139.89,24.51,12.00,45.83,62.61,570.69,131.11,331.15,570.69,538.96,31.73,5.56,12.38,45.83,16.15,570.69,86.81,421.90,570.69,467.73,102.96,18.04,27.70,172.20,44.81,570.69,202.88,150.80,us,Custom Sectors,BLOOMIN,
15010,1/15/2021,LongHorn Steakhouse,25.05,92.81,10.77,266.00,77.40,85.02,23.07,92.81,9.75,266.00,71.12,92.32,18.67,92.81,12.22,266.00,61.87,99.10,266.00,217.52,48.48,18.23,266.00,242.80,23.20,8.72,13.35,92.81,13.64,266.00,49.15,110.41,266.00,248.77,17.23,6.48,3.97,92.81,7.69,266.00,18.26,147.24,266.00,240.05,25.95,9.76,24.57,177.44,3.27,266.00,68.62,16.66,us,Custom Sectors,BLOOMIN,
15015,1/15/2021,Outback Steakhouse,38.31,28.71,23.38,266.00,125.27,88.64,34.77,28.71,23.38,266.00,115.86,98.06,28.29,28.71,21.12,266.00,96.38,119.79,266.00,180.26,85.74,32.23,266.00,232.86,33.14,12.46,23.40,28.71,16.99,266.00,79.23,141.07,266.00,225.95,40.05,15.06,11.77,28.71,4.25,266.00,35.56,197.48,266.00,226.19,39.81,14.97,31.32,122.62,13.87,266.00,97.18,32.33,us,Custom Sectors,BLOOMIN,
1000490,1/15/2021,Five Guys,30.65,126.29,25.15,584.99,204.45,229.09,27.18,126.29,26.39,584.99,185.40,246.90,16.33,126.29,40.14,584.99,135.67,282.89,584.99,451.73,133.26,22.78,584.99,557.70,27.29,4.67,10.10,126.29,44.53,584.99,103.61,310.56,584.99,557.96,27.03,4.62,7.11,126.29,13.28,584.99,54.85,390.57,584.99,516.86,68.13,11.65,25.68,308.66,18.40,584.99,168.61,89.32,us,Custom Sectors,BLOOMIN,
17003,1/15/2021,Burger King,27.06,54.95,83.04,824.28,306.12,380.17,16.09,54.95,80.85,824.28,213.48,475.00,23.17,54.95,68.06,824.28,259.08,442.19,824.28,552.08,272.20,33.02,824.28,562.24,262.04,31.79,0.76,54.95,131.25,824.28,137.55,500.53,824.28,779.20,45.08,5.47,13.37,54.95,22.35,824.28,132.54,614.44,824.28,669.39,154.89,18.79,27.56,194.79,74.44,824.28,301.66,253.38,us,Custom Sectors,BLOOMIN,
17010,1/15/2021,KFC,24.87,53.35,71.93,836.75,280.07,431.40,19.08,53.35,65.69,836.75,225.31,492.39,14.80,53.35,80.49,836.75,204.31,498.60,836.75,641.08,195.66,23.38,836.75,604.23,232.51,27.79,5.64,53.35,98.81,836.75,146.03,538.57,836.75,808.62,28.12,3.36,9.73,53.35,29.88,836.75,111.26,642.26,836.75,695.60,141.14,16.87,26.44,225.17,57.73,836.75,278.97,274.87,us,Custom Sectors,BLOOMIN,
16019,1/15/2021,Olive Garden,37.15,50.24,38.96,478.00,216.51,172.28,33.86,50.24,36.55,478.00,198.41,192.80,31.29,50.24,33.53,478.00,183.10,211.12,478.00,345.54,132.46,27.71,478.00,354.16,123.84,25.91,18.80,50.24,31.95,478.00,121.79,274.01,478.00,440.83,37.17,7.78,10.41,50.24,20.06,478.00,69.83,337.87,478.00,388.11,89.89,18.81,30.06,186.58,30.24,478.00,173.95,87.23,us,Custom Sectors,BLOOMIN,
15006,1/15/2021,Fleming's,4.34,213.43,5.72,266.00,17.27,29.57,3.14,213.43,8.75,266.00,17.11,26.71,0.02,213.43,8.18,266.00,8.25,36.13,266.00,258.93,7.07,2.66,266.00,258.10,7.90,2.97,4.57,213.43,5.38,266.00,17.52,29.66,266.00,265.27,0.73,0.27,0.86,213.43,3.12,266.00,5.42,44.02,266.00,257.45,8.55,3.21,2.83,245.35,1.26,266.00,8.78,10.61,us,Custom Sectors,BLOOMIN,
17014,1/15/2021,McDonald's,22.40,36.29,133.97,832.19,320.35,341.57,7.13,36.29,149.51,832.19,208.84,437.54,21.77,36.29,123.66,832.19,304.85,367.38,832.19,493.01,339.18,40.76,832.19,503.44,328.74,39.50,-3.24,36.29,177.07,832.19,150.11,468.71,832.19,701.12,131.07,15.75,11.69,36.29,54.23,832.19,151.52,590.15,832.19,626.44,205.75,24.72,28.02,138.96,116.21,832.19,349.38,227.63,us,Custom Sectors,BLOOMIN,
1000638,1/15/2021,Chipotle,20.09,82.99,66.25,606.37,188.05,269.08,21.63,82.99,45.60,606.37,176.79,300.99,11.28,82.99,66.79,606.37,135.20,321.38,606.37,471.16,135.21,22.30,606.37,519.02,87.35,14.41,10.80,82.99,58.88,606.37,124.39,340.11,606.37,564.26,42.10,6.94,8.66,82.99,30.34,606.37,82.86,410.17,606.37,493.17,113.20,18.67,19.36,336.97,34.81,606.37,152.23,82.35,us,Custom Sectors,BLOOMIN,
17016,1/15/2021,Popeyes,24.80,90.49,53.17,836.25,260.59,432.01,17.65,90.49,50.39,836.25,197.97,497.40,14.19,90.49,52.89,836.25,171.57,521.30,836.25,669.07,167.18,19.99,836.25,646.45,189.80,22.70,3.50,90.49,94.37,836.25,123.62,527.77,836.25,800.69,35.57,4.25,13.92,90.49,10.15,836.25,126.59,609.02,836.25,699.51,136.74,16.35,21.45,409.83,37.81,836.25,217.17,171.45,us,Custom Sectors,BLOOMIN,
16018,1/15/2021,Romano's Macaroni Grill,12.58,260.26,17.63,478.00,77.74,122.38,11.67,260.26,13.68,478.00,69.48,134.58,5.19,260.26,18.59,478.00,43.39,155.76,478.00,446.46,31.54,6.60,478.00,469.87,8.13,1.70,9.72,260.26,11.62,478.00,58.07,148.05,478.00,475.26,2.74,0.57,-0.74,260.26,11.43,478.00,7.87,198.45,478.00,458.70,19.30,4.04,8.53,380.50,7.29,478.00,48.05,42.16,us,Custom Sectors,BLOOMIN,
18021,1/15/2021,Panera Bread,40.35,91.80,24.46,576.55,257.11,203.18,41.14,91.80,17.80,576.55,255.00,211.95,14.55,91.80,63.07,576.55,146.97,274.71,576.55,409.20,167.36,29.03,576.55,468.31,108.25,18.77,26.06,91.80,29.04,576.55,179.28,276.44,576.55,506.37,70.18,12.17,12.88,91.80,4.95,576.55,79.22,400.58,576.55,492.38,84.17,14.60,32.47,251.30,25.22,576.55,212.41,87.62,us,Custom Sectors,BLOOMIN,
15022,1/15/2021,Texas Roadhouse,33.49,65.72,7.67,266.00,96.77,95.84,32.54,65.72,10.12,266.00,96.68,93.49,26.64,65.72,10.51,266.00,81.37,108.40,266.00,196.21,69.79,26.24,266.00,242.85,23.15,8.70,23.65,65.72,9.60,266.00,72.52,118.17,266.00,231.98,34.02,12.79,10.09,65.72,2.99,266.00,29.84,167.45,266.00,233.16,32.84,12.35,28.09,161.29,6.14,266.00,80.86,17.71,us,Custom Sectors,BLOOMIN,
17021,1/15/2021,Taco Bell,24.35,61.75,88.37,836.55,292.04,394.40,9.09,61.75,111.35,836.55,187.39,476.06,24.74,61.75,67.91,836.55,274.91,431.98,836.55,574.26,262.29,31.35,836.55,587.96,248.59,29.72,-1.87,61.75,131.68,836.55,116.05,527.07,836.55,782.60,53.95,6.45,12.30,61.75,29.53,836.55,132.44,612.83,836.55,674.58,161.97,19.36,24.44,242.35,82.39,836.55,286.88,224.94,us,Custom Sectors,BLOOMIN,
18017,1/22/2021,IHOP,31.50,56.68,41.70,591.81,228.11,265.32,19.79,56.68,60.83,591.81,177.97,296.33,25.48,56.68,38.53,591.81,189.29,307.31,591.81,470.85,120.96,20.44,591.81,465.72,126.08,21.30,10.23,56.68,60.83,591.81,121.40,352.90,591.81,559.25,32.55,5.50,11.07,56.68,18.95,591.81,84.48,431.71,591.81,488.38,103.43,17.48,24.77,187.28,47.90,591.81,194.49,162.14,us,Custom Sectors,BLOOMIN,
15010,1/22/2021,LongHorn Steakhouse,27.00,87.83,4.01,262.00,74.75,95.41,26.89,87.83,2.99,262.00,73.45,97.72,17.98,87.83,9.24,262.00,56.35,108.58,262.00,224.95,37.05,14.14,262.00,246.33,15.67,5.98,18.91,87.83,9.11,262.00,58.67,106.39,262.00,252.91,9.09,3.47,4.18,87.83,2.43,262.00,13.37,158.37,262.00,246.20,15.80,6.03,15.68,194.80,3.59,262.00,44.67,18.94,us,Custom Sectors,BLOOMIN,
15015,1/22/2021,Outback Steakhouse,38.71,28.90,15.96,262.00,117.38,99.76,38.43,28.90,13.08,262.00,113.76,106.26,21.67,28.90,35.99,262.00,92.76,104.35,262.00,190.41,71.59,27.33,262.00,223.58,38.42,14.66,23.87,28.90,19.47,262.00,82.01,131.62,262.00,222.18,39.82,15.20,12.68,28.90,4.34,262.00,37.57,191.19,262.00,220.09,41.91,16.00,33.52,112.14,10.15,262.00,97.97,41.74,us,Custom Sectors,BLOOMIN,
1000490,1/22/2021,Five Guys,29.18,120.46,30.83,599.55,205.78,242.47,24.89,120.46,22.92,599.55,172.14,284.03,9.72,120.46,61.42,599.55,119.72,297.94,599.55,482.89,116.66,19.46,599.55,571.25,28.30,4.72,13.43,120.46,39.25,599.55,119.76,320.08,599.55,568.08,31.47,5.25,9.99,120.46,16.61,599.55,76.49,385.99,599.55,506.46,93.09,15.53,22.79,305.39,30.31,599.55,166.93,96.92,us,Custom Sectors,BLOOMIN,
17003,1/22/2021,Burger King,25.69,56.56,95.40,854.29,314.84,387.49,14.26,56.56,108.83,854.29,230.66,458.24,22.32,56.56,76.25,854.29,266.90,454.58,854.29,594.54,259.75,30.40,854.29,580.36,273.93,32.07,4.53,56.56,121.67,854.29,160.38,515.68,854.29,788.20,66.09,7.74,13.12,56.56,29.49,854.29,141.57,626.66,854.29,683.22,171.06,20.02,27.04,193.49,83.27,854.29,314.30,263.23,us,Custom Sectors,BLOOMIN,
17010,1/22/2021,KFC,22.05,55.66,96.35,853.13,284.46,416.66,14.73,55.66,100.54,853.13,226.20,470.72,11.93,55.66,103.82,853.13,205.63,488.02,853.13,663.62,189.51,22.21,853.13,628.42,224.71,26.34,3.62,55.66,119.11,853.13,149.98,528.38,853.13,825.12,28.01,3.28,11.12,55.66,22.88,853.13,117.71,656.88,853.13,712.54,140.59,16.48,22.65,218.78,85.48,853.13,278.73,270.14,us,Custom Sectors,BLOOMIN,
16019,1/22/2021,Olive Garden,40.72,40.12,43.76,481.00,239.63,157.50,34.70,40.12,45.45,481.00,212.37,183.07,26.96,40.12,59.67,481.00,189.34,191.88,481.00,337.03,143.97,29.93,481.00,341.93,139.07,28.91,16.52,40.12,50.32,481.00,129.77,260.80,481.00,432.54,48.46,10.08,19.61,40.12,13.22,481.00,107.55,320.12,481.00,360.23,120.77,25.11,33.29,143.48,36.59,481.00,196.71,104.21,us,Custom Sectors,BLOOMIN,
15006,1/22/2021,Fleming's,8.99,209.17,0.00,262.00,23.55,29.28,10.56,209.17,0.00,262.00,27.66,25.18,-1.15,209.17,7.41,262.00,4.40,41.01,262.00,254.99,7.01,2.68,262.00,260.47,1.53,0.58,8.07,209.17,0.00,262.00,21.13,31.70,262.00,260.17,1.83,0.70,1.17,209.17,0.00,262.00,3.06,49.77,262.00,258.94,3.06,1.17,4.24,249.16,0.00,262.00,11.12,1.72,us,Custom Sectors,BLOOMIN,
17014,1/22/2021,McDonald's,21.13,46.61,145.28,862.84,327.64,343.30,2.52,46.61,176.35,862.84,198.08,441.79,21.16,46.61,110.18,862.84,292.78,413.25,862.84,543.32,319.52,37.03,862.84,512.12,350.72,40.65,-6.34,46.61,202.42,862.84,147.68,466.12,862.84,752.12,110.71,12.83,8.85,46.61,74.28,862.84,150.60,591.34,862.84,637.96,224.88,26.06,24.31,149.49,123.38,862.84,333.17,256.80,us,Custom Sectors,BLOOMIN,
1000638,1/22/2021,Chipotle,18.39,86.69,68.22,587.00,176.19,255.89,22.34,86.69,46.86,587.00,178.01,275.44,12.63,86.69,66.65,587.00,140.82,292.84,587.00,468.76,118.23,20.14,587.00,483.86,103.13,17.57,7.68,86.69,65.01,587.00,110.12,325.18,587.00,536.20,50.80,8.65,9.66,86.69,22.05,587.00,78.78,399.47,587.00,486.16,100.83,17.18,21.38,322.22,33.00,587.00,158.52,73.26,us,Custom Sectors,BLOOMIN,
17016,1/22/2021,Popeyes,21.23,92.31,55.03,856.64,236.93,472.38,16.91,92.31,52.01,856.64,196.83,515.49,11.60,92.31,61.54,856.64,160.88,541.91,856.64,714.47,142.18,16.60,856.64,678.51,178.13,20.79,2.91,92.31,97.99,856.64,122.95,543.40,856.64,826.32,30.32,3.54,9.51,92.31,15.44,856.64,96.93,651.97,856.64,744.28,112.37,13.12,17.60,444.47,35.08,856.64,185.88,191.21,us,Custom Sectors,BLOOMIN,
16018,1/22/2021,Romano's Macaroni Grill,10.79,279.82,5.96,481.00,57.86,137.36,10.65,279.82,8.17,481.00,59.42,133.59,4.08,279.82,12.44,481.00,32.05,156.68,481.00,454.11,26.89,5.59,481.00,471.26,9.74,2.03,6.05,279.82,10.39,481.00,39.49,151.29,481.00,475.54,5.46,1.13,1.42,279.82,1.74,481.00,8.56,190.88,481.00,470.70,10.30,2.14,8.49,391.38,3.16,481.00,44.01,42.45,us,Custom Sectors,BLOOMIN,
18021,1/22/2021,Panera Bread,34.72,103.51,33.41,583.20,235.89,210.39,34.46,103.51,26.55,583.20,227.53,225.61,11.55,103.51,73.13,583.20,140.51,266.04,583.20,427.31,155.89,26.73,583.20,453.13,130.06,22.30,22.61,103.51,33.22,583.20,165.09,281.38,583.20,528.16,55.04,9.44,12.51,103.51,9.91,583.20,82.88,386.89,583.20,490.40,92.79,15.91,29.62,265.86,32.07,583.20,204.79,80.48,us,Custom Sectors,BLOOMIN,
15022,1/22/2021,Texas Roadhouse,37.93,56.98,7.90,262.00,107.28,89.84,34.90,56.98,8.05,262.00,99.49,97.48,31.02,56.98,9.01,262.00,90.29,105.71,262.00,194.82,67.18,25.64,262.00,239.98,22.02,8.41,26.46,56.98,11.33,262.00,80.66,113.02,262.00,223.24,38.76,14.80,16.52,56.98,2.43,262.00,45.70,156.88,262.00,213.87,48.13,18.37,32.18,149.20,2.99,262.00,87.30,22.52,us,Custom Sectors,BLOOMIN,
17021,1/22/2021,Taco Bell,27.41,61.65,86.37,858.77,321.73,389.03,9.79,61.65,121.82,858.77,205.93,469.37,26.48,61.65,67.11,858.77,294.53,435.48,858.77,598.97,259.80,30.25,858.77,618.50,240.27,27.98,2.13,61.65,133.20,858.77,151.53,512.38,858.77,793.45,65.32,7.61,13.07,61.65,37.50,858.77,149.71,609.91,858.77,671.56,187.21,21.80,25.99,243.60,77.80,858.77,301.03,236.34,us,Custom Sectors,BLOOMIN,
18017,1/29/2021,IHOP,35.92,22.61,18.05,245.56,106.26,98.64,26.79,22.61,18.05,245.56,83.82,121.08,31.09,22.61,6.79,245.56,83.14,133.02,245.56,193.26,52.30,21.30,245.56,205.28,40.28,16.40,15.69,22.61,17.47,245.56,56.00,149.48,245.56,235.58,9.98,4.06,14.23,22.61,6.38,245.56,41.32,175.25,245.56,197.86,47.70,19.42,33.08,81.09,11.90,245.56,93.14,59.43,us,Custom Sectors,BLOOMIN,
15010,1/29/2021,LongHorn Steakhouse,35.12,29.39,5.90,114.00,45.93,32.79,33.00,29.39,9.15,114.00,46.76,28.70,20.38,29.39,9.91,114.00,33.15,41.55,114.00,92.52,21.48,18.84,114.00,106.45,7.55,6.62,22.80,29.39,7.33,114.00,33.32,43.97,114.00,104.79,9.21,8.08,0.30,29.39,7.44,114.00,7.78,69.39,114.00,98.78,15.22,13.35,19.99,70.02,3.40,114.00,26.19,14.39,us,Custom Sectors,BLOOMIN,
15015,1/29/2021,Outback Steakhouse,44.91,14.33,11.08,114.00,62.27,26.32,41.20,14.33,12.58,114.00,59.54,27.55,33.40,14.33,13.40,114.00,51.48,34.78,114.00,82.32,31.68,27.79,114.00,94.56,19.44,17.05,27.78,14.33,11.08,114.00,42.74,45.84,114.00,99.15,14.85,13.03,15.21,14.33,5.69,114.00,23.03,70.94,114.00,85.28,28.72,25.20,31.84,43.47,12.58,114.00,48.88,9.08,us,Custom Sectors,BLOOMIN,
1000490,1/29/2021,Five Guys,26.16,49.92,12.02,244.50,75.99,106.58,29.55,49.92,8.04,244.50,80.30,106.24,13.69,49.92,18.87,244.50,52.35,123.37,244.50,197.02,47.48,19.42,244.50,232.99,11.51,4.71,8.59,49.92,11.98,244.50,32.97,149.63,244.50,235.63,8.87,3.63,4.50,49.92,7.43,244.50,18.42,168.73,244.50,218.65,25.85,10.57,20.99,131.69,13.59,244.50,64.90,34.31,us,Custom Sectors,BLOOMIN,
17003,1/29/2021,Burger King,30.74,24.69,28.31,355.98,137.73,165.24,11.84,24.69,45.07,355.98,87.22,199.00,28.11,24.69,32.10,355.98,132.18,167.01,355.98,238.44,117.54,33.02,355.98,241.11,114.87,32.27,3.07,24.69,48.99,355.98,59.91,222.39,355.98,322.74,33.23,9.34,12.69,24.69,13.91,355.98,59.10,258.28,355.98,282.97,73.01,20.51,31.97,81.95,27.64,355.98,141.44,104.95,us,Custom Sectors,BLOOMIN,
17010,1/29/2021,KFC,22.09,25.98,41.03,360.33,120.64,172.68,14.24,25.98,41.15,360.33,92.46,200.73,18.56,25.98,30.31,360.33,97.17,206.87,360.33,280.66,79.67,22.11,360.33,248.93,111.40,30.92,-1.19,25.98,56.15,360.33,51.87,226.33,360.33,349.40,10.93,3.03,13.32,25.98,6.54,360.33,54.53,273.27,360.33,299.25,61.08,16.95,21.67,90.01,35.10,360.33,113.19,122.02,us,Custom Sectors,BLOOMIN,
16019,1/29/2021,Olive Garden,33.41,35.88,15.63,209.00,85.45,72.04,30.49,35.88,15.75,209.00,79.47,77.90,28.40,35.88,15.84,209.00,75.19,82.10,209.00,152.33,56.67,27.11,209.00,158.64,50.36,24.09,20.53,35.88,16.25,209.00,59.16,97.71,209.00,189.85,19.15,9.16,14.69,35.88,4.79,209.00,35.50,132.82,209.00,168.71,40.29,19.28,34.49,73.90,14.05,209.00,86.13,34.91,us,Custom Sectors,BLOOMIN,
15006,1/29/2021,Fleming's,7.84,92.48,0.00,114.00,8.94,12.59,5.04,92.48,3.19,114.00,8.94,9.39,0.60,92.48,2.25,114.00,2.93,16.34,114.00,111.82,2.18,1.92,114.00,113.32,0.68,0.60,5.54,92.48,1.50,114.00,7.82,12.21,114.00,113.25,0.75,0.66,1.86,92.48,0.00,114.00,2.12,19.40,114.00,111.88,2.12,1.86,5.69,106.02,0.00,114.00,6.49,1.50,us,Custom Sectors,BLOOMIN,
17014,1/29/2021,McDonald's,22.40,14.43,67.12,362.41,148.29,132.57,8.68,14.43,63.54,362.41,95.00,189.44,26.07,14.43,42.58,362.41,137.05,168.35,362.41,212.70,149.71,41.31,362.41,200.99,161.42,44.54,-0.95,14.43,70.35,362.41,66.89,210.74,362.41,316.68,45.74,12.62,14.44,14.43,17.71,362.41,70.03,260.24,362.41,274.67,87.74,24.21,23.87,55.40,62.71,362.41,149.22,95.10,us,Custom Sectors,BLOOMIN,
1000638,1/29/2021,Chipotle,18.88,32.27,34.60,251.34,82.06,102.41,17.77,32.27,27.04,251.34,71.70,120.33,14.31,32.27,22.90,251.34,58.86,137.32,251.34,195.93,55.41,22.05,251.34,217.53,33.81,13.45,6.67,32.27,24.39,251.34,41.15,153.53,251.34,228.44,22.90,9.11,11.48,32.27,8.23,251.34,37.08,173.77,251.34,206.03,45.31,18.03,23.63,134.38,9.53,251.34,68.93,38.51,us,Custom Sectors,BLOOMIN,
17016,1/29/2021,Popeyes,17.41,37.48,33.68,364.33,97.12,196.06,14.24,37.48,32.94,364.33,84.81,209.11,8.03,37.48,33.96,364.33,63.23,229.67,364.33,300.96,63.38,17.40,364.33,282.92,81.41,22.35,-0.33,37.48,53.54,364.33,52.33,220.99,364.33,353.44,10.89,2.99,14.34,37.48,14.71,364.33,66.97,245.17,364.33,282.65,81.69,22.42,18.97,179.62,26.37,364.33,95.49,62.85,us,Custom Sectors,BLOOMIN,
16018,1/29/2021,Romano's Macaroni Grill,7.12,139.69,5.39,209.00,20.28,43.64,10.64,139.69,1.71,209.00,23.93,43.67,5.21,139.69,4.40,209.00,15.28,49.63,209.00,202.54,6.46,3.09,209.00,206.61,2.39,1.14,9.51,139.69,1.62,209.00,21.49,46.20,209.00,208.36,0.64,0.31,-0.68,139.69,1.42,209.00,0.00,67.89,209.00,207.58,1.42,0.68,6.15,177.88,2.48,209.00,15.33,13.31,us,Custom Sectors,BLOOMIN,
18021,1/29/2021,Panera Bread,38.23,32.76,11.81,241.54,104.16,92.81,46.59,32.76,5.69,241.54,118.23,84.86,17.17,32.76,26.80,241.54,68.28,113.70,241.54,161.91,79.62,32.97,241.54,198.89,42.65,17.66,21.20,32.76,15.03,241.54,66.24,127.51,241.54,207.83,33.71,13.95,15.08,32.76,8.42,241.54,44.84,155.51,241.54,188.28,53.26,22.05,32.09,103.35,11.12,241.54,88.63,38.44,us,Custom Sectors,BLOOMIN,
15022,1/29/2021,Texas Roadhouse,43.27,20.44,6.48,114.00,55.80,31.28,43.21,20.44,2.45,114.00,51.71,39.40,36.26,20.44,2.25,114.00,43.59,47.73,114.00,74.61,39.39,34.55,114.00,101.49,12.51,10.97,29.61,20.44,4.64,114.00,38.39,50.54,114.00,86.22,27.78,24.37,15.41,20.44,1.70,114.00,19.27,72.59,114.00,93.03,20.97,18.39,32.19,68.04,3.20,114.00,39.89,2.87,us,Custom Sectors,BLOOMIN,
17021,1/29/2021,Taco Bell,20.77,30.07,47.10,358.67,121.60,159.90,4.76,30.07,58.41,358.67,75.47,194.72,24.07,30.07,34.69,358.67,121.04,172.87,358.67,260.07,98.60,27.49,358.67,251.41,107.26,29.90,-2.78,30.07,60.13,358.67,50.17,218.30,358.67,342.03,16.64,4.64,11.86,30.07,16.32,358.67,58.88,253.40,358.67,283.47,75.20,20.97,20.31,103.35,42.52,358.67,115.36,97.44,us,Custom Sectors,BLOOMIN,
18017,1/31/2021,IHOP,34.25,42.98,37.71,612.33,247.42,284.23,24.08,42.98,50.27,612.33,197.69,321.38,28.92,42.98,34.84,612.33,211.90,322.62,612.33,478.81,133.52,21.81,612.33,503.96,108.37,17.70,11.09,42.98,66.69,612.33,134.61,368.05,612.33,586.74,25.58,4.18,10.45,42.98,20.01,612.33,83.97,465.36,612.33,508.34,103.99,16.98,29.02,201.55,42.77,612.33,220.47,147.54,us,Custom Sectors,BLOOMIN,
15010,1/31/2021,LongHorn Steakhouse,31.43,88.25,8.89,280.00,96.89,85.97,29.21,88.25,10.34,280.00,92.12,89.29,18.70,88.25,11.45,280.00,63.80,116.50,280.00,233.86,46.14,16.48,280.00,262.04,17.96,6.41,20.62,88.25,11.18,280.00,68.93,111.64,280.00,264.17,15.83,5.65,6.86,88.25,4.08,280.00,23.30,164.37,280.00,252.62,27.38,9.78,23.79,185.46,4.81,280.00,71.42,18.31,us,Custom Sectors,BLOOMIN,
15015,1/31/2021,Outback Steakhouse,52.74,18.76,17.52,280.00,165.20,78.52,47.92,18.76,17.08,280.00,151.27,92.88,34.36,18.76,24.17,280.00,120.38,116.69,280.00,191.93,88.07,31.46,280.00,227.72,52.28,18.67,30.08,18.76,19.94,280.00,104.15,137.15,280.00,237.48,42.52,15.19,12.52,18.76,7.56,280.00,42.60,211.09,280.00,229.85,50.15,17.91,41.16,98.13,17.43,280.00,132.67,31.77,us,Custom Sectors,BLOOMIN,
1000490,1/31/2021,Five Guys,30.09,115.26,23.09,603.66,204.71,260.59,26.87,115.26,21.83,603.66,184.03,282.54,15.36,115.26,32.87,603.66,125.59,329.94,603.66,486.00,117.67,19.49,603.66,575.48,28.19,4.67,9.58,115.26,33.10,603.66,90.95,364.35,603.66,580.96,22.71,3.76,8.67,115.26,14.79,603.66,67.10,406.51,603.66,521.78,81.89,13.57,21.32,335.54,25.71,603.66,154.40,88.02,us,Custom Sectors,BLOOMIN,
17003,1/31/2021,Burger King,27.14,77.53,65.58,807.87,284.85,379.91,14.79,77.53,81.84,807.87,201.31,447.18,21.69,77.53,63.94,807.87,239.14,427.26,807.87,560.56,247.31,30.61,807.87,559.42,248.46,30.75,2.44,77.53,109.66,807.87,129.36,491.32,807.87,746.62,61.25,7.58,11.91,77.53,28.37,807.87,124.56,577.41,807.87,654.94,152.93,18.93,26.53,196.77,73.65,807.87,287.99,249.46,us,Custom Sectors,BLOOMIN,
17010,1/31/2021,KFC,20.25,69.04,93.80,807.74,257.39,387.51,15.37,69.04,85.72,807.74,209.83,443.14,14.19,69.04,93.94,807.74,208.58,436.17,807.74,627.26,180.48,22.34,807.74,549.93,257.80,31.92,1.35,69.04,122.58,807.74,133.45,482.66,807.74,779.68,28.05,3.47,12.34,69.04,27.87,807.74,127.58,583.24,807.74,652.29,155.45,19.25,22.04,232.55,75.87,807.74,253.93,245.38,us,Custom Sectors,BLOOMIN,
16019,1/31/2021,Olive Garden,37.47,43.32,50.30,480.00,230.16,156.22,30.64,43.32,51.23,480.00,198.31,187.14,26.38,43.32,53.66,480.00,180.27,202.75,480.00,336.62,143.38,29.87,480.00,361.36,118.64,24.72,21.30,43.32,51.79,480.00,154.04,230.85,480.00,430.66,49.34,10.28,11.31,43.32,24.24,480.00,78.55,333.89,480.00,377.20,102.80,21.42,34.86,137.46,38.51,480.00,205.82,98.22,us,Custom Sectors,BLOOMIN,
15006,1/31/2021,Fleming's,5.67,233.00,2.59,280.00,18.47,25.93,6.91,233.00,3.34,280.00,22.68,20.97,0.38,233.00,3.99,280.00,5.05,37.96,280.00,274.68,5.32,1.90,280.00,279.21,0.79,0.28,5.87,233.00,2.55,280.00,19.00,25.44,280.00,279.25,0.75,0.27,0.69,233.00,0.90,280.00,2.82,43.27,280.00,276.28,3.72,1.33,2.85,269.61,0.79,280.00,8.76,0.84,us,Custom Sectors,BLOOMIN,
17014,1/31/2021,McDonald's,24.49,50.69,113.32,810.23,311.75,334.47,7.29,50.69,150.85,810.23,209.89,398.80,23.95,50.69,112.80,810.23,306.87,339.87,810.23,502.53,307.70,37.98,810.23,469.71,340.52,42.03,-3.23,50.69,173.37,810.23,147.21,438.95,810.23,680.92,129.31,15.96,14.65,50.69,52.81,810.23,171.53,535.20,810.23,585.90,224.33,27.69,27.00,147.90,112.34,810.23,331.07,218.92,us,Custom Sectors,BLOOMIN,
1000638,1/31/2021,Chipotle,21.01,68.95,67.92,612.29,196.58,278.84,23.19,68.95,50.04,612.29,192.05,301.25,16.29,68.95,50.34,612.29,150.11,342.89,612.29,476.18,136.12,22.23,612.29,507.88,104.41,17.05,8.81,68.95,57.83,612.29,111.75,373.76,612.29,564.54,47.75,7.80,9.84,68.95,23.91,612.29,84.14,435.30,612.29,504.25,108.05,17.65,18.05,341.82,38.79,612.29,149.30,82.38,us,Custom Sectors,BLOOMIN,
17016,1/31/2021,Popeyes,21.35,98.51,57.04,821.61,232.46,433.60,17.85,98.51,58.28,821.61,204.96,459.86,11.39,98.51,61.20,821.61,154.77,507.13,821.61,681.10,140.51,17.10,821.61,637.82,183.78,22.37,3.40,98.51,101.88,821.61,129.79,491.43,821.61,784.71,36.90,4.49,13.89,98.51,21.16,821.61,135.25,566.69,821.61,665.19,156.41,19.04,20.24,431.29,33.83,821.61,200.10,156.39,us,Custom Sectors,BLOOMIN,
16018,1/31/2021,Romano's Macaroni Grill,11.71,274.51,11.01,480.00,67.21,127.27,12.11,274.51,8.71,480.00,66.84,129.94,2.24,274.51,20.68,480.00,31.45,153.36,480.00,452.92,27.08,5.64,480.00,478.31,1.69,0.35,7.82,274.51,14.29,480.00,51.83,139.37,480.00,478.31,1.69,0.35,0.91,274.51,5.22,480.00,9.57,190.70,480.00,465.21,14.79,3.08,8.51,386.27,6.24,480.00,47.08,40.42,us,Custom Sectors,BLOOMIN,
18021,1/31/2021,Panera Bread,38.55,75.15,30.71,617.66,268.80,243.00,42.20,75.15,11.36,617.66,272.03,259.11,16.67,75.15,62.05,617.66,165.01,315.44,617.66,454.39,163.27,26.43,617.66,499.55,118.11,19.12,22.08,75.15,32.56,617.66,168.95,341.00,617.66,545.52,72.14,11.68,12.57,75.15,15.87,617.66,93.50,433.13,617.66,508.29,109.37,17.71,29.44,270.70,27.04,617.66,208.88,111.04,us,Custom Sectors,BLOOMIN,
15022,1/31/2021,Texas Roadhouse,44.70,52.35,8.34,280.00,133.49,85.82,40.02,52.35,11.15,280.00,123.21,93.30,33.50,52.35,9.55,280.00,103.35,114.75,280.00,198.63,81.37,29.06,280.00,251.60,28.40,10.14,27.01,52.35,13.22,280.00,88.85,125.59,280.00,235.79,44.21,15.79,9.94,52.35,6.17,280.00,34.00,187.48,280.00,239.83,40.17,14.35,34.23,152.28,8.34,280.00,104.17,15.21,us,Custom Sectors,BLOOMIN,
17021,1/31/2021,Taco Bell,23.21,61.66,93.01,813.09,281.70,376.72,4.87,61.66,127.32,813.09,166.89,457.22,20.13,61.66,94.23,813.09,257.93,399.27,813.09,576.00,237.10,29.16,813.09,571.34,241.76,29.73,-1.75,61.66,134.46,813.09,120.23,496.75,813.09,776.94,36.16,4.45,12.32,61.66,36.62,813.09,136.82,577.98,813.09,639.65,173.45,21.33,23.79,234.09,82.08,813.09,275.52,221.41,us,Custom Sectors,BLOOMIN,
18017,2/7/2021,IHOP,35.78,47.12,41.25,592.47,253.25,250.85,24.44,47.12,49.74,592.47,194.53,301.07,27.42,47.12,43.22,592.47,205.68,296.44,592.47,474.45,118.01,19.92,592.47,481.04,111.43,18.81,6.83,47.12,82.22,592.47,122.66,340.47,592.47,568.98,23.49,3.97,9.23,47.12,20.63,592.47,75.33,449.39,592.47,496.51,95.96,16.20,32.37,202.80,33.71,592.47,225.51,130.44,us,Custom Sectors,BLOOMIN,
15010,2/7/2021,LongHorn Steakhouse,27.60,103.17,8.93,279.00,85.92,80.98,25.39,103.17,8.44,279.00,79.28,88.11,17.97,103.17,10.95,279.00,61.08,103.80,279.00,231.35,47.65,17.08,279.00,256.27,22.73,8.15,12.74,103.17,20.72,279.00,56.26,98.85,279.00,273.09,5.91,2.12,7.79,103.17,5.74,279.00,27.49,142.60,279.00,245.77,33.23,11.91,21.61,191.09,4.37,279.00,64.67,18.87,us,Custom Sectors,BLOOMIN,
15015,2/7/2021,Outback Steakhouse,41.49,34.98,20.93,279.00,136.68,86.42,34.82,34.98,19.51,279.00,116.65,107.86,34.23,34.98,20.99,279.00,116.48,106.55,279.00,185.41,93.60,33.55,279.00,224.55,54.45,19.52,21.01,34.98,30.66,279.00,89.28,124.07,279.00,233.49,45.51,16.31,13.10,34.98,4.58,279.00,41.12,198.32,279.00,233.30,45.70,16.38,37.77,102.26,17.82,279.00,123.20,35.72,us,Custom Sectors,BLOOMIN,
1000490,2/7/2021,Five Guys,30.85,111.93,29.84,593.18,212.82,238.58,32.36,111.93,19.30,593.18,211.27,250.68,17.15,111.93,52.38,593.18,154.10,274.77,593.18,452.14,141.04,23.78,593.18,564.70,28.48,4.80,13.22,111.93,39.34,593.18,117.74,324.16,593.18,549.72,43.46,7.33,10.80,111.93,11.20,593.18,75.25,394.80,593.18,506.73,86.45,14.57,27.58,292.23,25.04,593.18,188.67,87.24,us,Custom Sectors,BLOOMIN,
17003,2/7/2021,Burger King,19.95,69.76,95.55,789.53,253.10,371.12,8.98,69.76,112.16,789.53,183.07,424.55,22.23,69.76,64.86,789.53,240.36,414.56,789.53,568.65,220.87,27.98,789.53,567.14,222.38,28.17,-3.43,69.76,143.05,789.53,115.96,460.75,789.53,737.51,52.02,6.59,9.98,69.76,40.24,789.53,119.08,560.45,789.53,630.21,159.32,20.18,24.65,213.66,69.50,789.53,264.12,242.24,us,Custom Sectors,BLOOMIN,
17010,2/7/2021,KFC,21.00,82.80,84.80,790.36,250.80,371.95,11.65,82.80,103.07,790.36,195.17,409.31,12.83,82.80,81.26,790.36,182.63,443.66,790.36,592.34,198.02,25.05,790.36,591.00,199.36,25.22,0.25,82.80,127.77,790.36,129.72,450.06,790.36,761.23,29.13,3.69,10.66,82.80,31.51,790.36,115.74,560.30,790.36,643.11,147.25,18.63,19.91,242.35,72.12,790.36,229.45,246.44,us,Custom Sectors,BLOOMIN,
16019,2/7/2021,Olive Garden,39.18,30.51,54.70,484.00,244.34,154.45,34.48,30.51,52.78,484.00,219.64,181.07,25.12,30.51,58.41,484.00,180.00,215.09,484.00,325.14,158.86,32.82,484.00,372.68,111.32,23.00,17.76,30.51,53.41,484.00,139.39,260.69,484.00,439.61,44.39,9.17,15.82,30.51,21.85,484.00,98.42,333.22,484.00,363.73,120.27,24.85,36.74,113.37,47.27,484.00,225.11,98.25,us,Custom Sectors,BLOOMIN,
15006,2/7/2021,Fleming's,4.28,225.05,3.24,279.00,15.17,35.55,4.16,225.05,3.24,279.00,14.85,35.86,0.81,225.05,5.92,279.00,8.18,39.85,279.00,271.21,7.79,2.79,279.00,270.53,8.47,3.03,4.08,225.05,6.09,279.00,17.47,30.39,279.00,279.00,0.00,0.00,1.10,225.05,4.85,279.00,7.91,41.19,279.00,266.23,12.77,4.58,1.58,263.48,3.24,279.00,7.64,4.65,us,Custom Sectors,BLOOMIN,
17014,2/7/2021,McDonald's,23.33,62.48,109.42,798.52,295.70,330.91,6.00,62.48,149.74,798.52,197.69,388.60,21.54,62.48,123.13,798.52,295.13,317.78,798.52,484.47,314.05,39.33,798.52,472.38,326.14,40.84,-2.76,62.48,160.01,798.52,137.99,438.04,798.52,686.52,112.00,14.03,10.90,62.48,51.30,798.52,138.32,546.41,798.52,608.89,189.63,23.75,28.46,150.85,102.76,798.52,329.98,214.93,us,Custom Sectors,BLOOMIN,
1000638,2/7/2021,Chipotle,20.02,61.49,71.12,582.56,187.76,262.19,22.61,61.49,47.63,582.56,179.32,294.12,14.77,61.49,53.46,582.56,139.50,328.11,582.56,447.37,135.18,23.21,582.56,490.09,92.47,15.87,7.07,61.49,75.39,582.56,116.58,329.10,582.56,517.33,65.23,11.20,8.66,61.49,33.25,582.56,83.70,404.12,582.56,465.60,116.95,20.08,24.03,307.00,19.87,582.56,159.87,95.81,us,Custom Sectors,BLOOMIN,
17016,2/7/2021,Popeyes,20.25,114.84,53.17,795.98,214.33,413.64,14.05,114.84,53.93,795.98,165.73,461.48,9.81,114.84,50.79,795.98,128.86,501.49,795.98,660.57,135.41,17.01,795.98,643.26,152.73,19.19,1.84,114.84,92.25,795.98,106.88,482.01,795.98,763.37,32.61,4.10,10.40,114.84,9.52,795.98,92.33,579.29,795.98,694.14,101.85,12.79,18.43,424.80,26.90,795.98,173.61,170.66,us,Custom Sectors,BLOOMIN,
16018,2/7/2021,Romano's Macaroni Grill,12.72,279.46,10.99,484.00,72.54,121.01,12.18,279.46,5.38,484.00,64.35,134.81,2.69,279.46,16.65,484.00,29.68,158.22,484.00,462.39,21.61,4.46,484.00,479.14,4.86,1.00,7.18,279.46,10.41,484.00,45.16,148.97,484.00,480.32,3.68,0.76,2.42,279.46,0.64,484.00,12.35,191.55,484.00,471.01,12.99,2.68,8.81,383.93,7.50,484.00,50.13,42.44,us,Custom Sectors,BLOOMIN,
18021,2/7/2021,Panera Bread,38.41,83.03,32.68,583.24,256.69,210.84,44.27,83.03,21.77,583.24,279.98,198.46,14.04,83.03,58.60,583.24,140.49,301.12,583.24,395.92,187.31,32.12,583.24,463.75,119.49,20.49,21.84,83.03,35.43,583.24,162.82,301.96,583.24,506.59,76.64,13.14,16.75,83.03,13.78,583.24,111.48,374.94,583.24,457.97,125.26,21.48,35.11,235.99,28.14,583.24,232.92,86.18,us,Custom Sectors,BLOOMIN,
15022,2/7/2021,Texas Roadhouse,36.14,73.02,20.20,279.00,121.04,64.75,34.77,73.02,15.92,279.00,112.92,77.15,25.13,73.02,19.66,279.00,89.76,96.56,279.00,195.82,83.18,29.81,279.00,240.17,38.83,13.92,21.69,73.02,20.53,279.00,81.06,104.39,279.00,225.44,53.56,19.20,18.52,73.02,5.70,279.00,57.38,142.90,279.00,215.91,63.09,22.61,29.44,152.42,11.13,279.00,93.29,22.15,us,Custom Sectors,BLOOMIN,
17021,2/7/2021,Taco Bell,21.58,79.30,96.89,797.00,268.86,351.95,5.48,79.30,131.25,797.00,174.91,411.55,25.14,79.30,73.79,797.00,274.13,369.79,797.00,550.62,246.38,30.91,797.00,562.14,234.86,29.47,-4.55,79.30,146.72,797.00,110.47,460.51,797.00,737.13,59.87,7.51,9.46,79.30,37.08,797.00,112.46,568.16,797.00,647.46,149.54,18.76,25.94,249.40,66.77,797.00,273.52,207.31,us,Custom Sectors,BLOOMIN,
18017,2/14/2021,IHOP,31.27,35.65,42.63,522.51,206.00,238.24,21.63,35.65,48.21,522.51,161.22,277.43,31.15,35.65,35.89,522.51,198.63,252.35,522.51,398.38,124.13,23.76,522.51,424.55,97.96,18.75,11.92,35.65,56.21,522.51,118.51,312.14,522.51,483.82,38.70,7.41,10.20,35.65,17.45,522.51,70.73,398.68,522.51,434.33,88.18,16.88,28.82,163.46,35.16,522.51,185.73,138.17,us,Custom Sectors,BLOOMIN,
15010,2/14/2021,LongHorn Steakhouse,22.80,93.44,4.21,244.00,59.84,86.51,19.45,93.44,6.02,244.00,53.47,91.07,17.48,93.44,5.00,244.00,47.64,97.92,244.00,214.93,29.07,11.91,244.00,234.84,9.16,3.75,16.90,93.44,4.48,244.00,45.70,100.38,244.00,232.94,11.06,4.53,3.80,93.44,4.26,244.00,13.53,132.77,244.00,226.21,17.79,7.29,15.71,192.54,0.65,244.00,38.98,11.84,us,Custom Sectors,BLOOMIN,
15015,2/14/2021,Outback Steakhouse,43.61,30.80,10.53,244.00,116.94,85.72,36.65,30.80,13.71,244.00,103.14,96.35,29.74,30.80,16.88,244.00,89.45,106.87,244.00,187.54,56.46,23.14,244.00,204.06,39.94,16.37,18.47,30.80,22.35,244.00,67.41,123.45,244.00,215.60,28.40,11.64,14.25,30.80,3.30,244.00,38.07,171.83,244.00,202.63,41.37,16.95,35.36,105.80,12.16,244.00,98.45,27.59,us,Custom Sectors,BLOOMIN,
1000490,2/14/2021,Five Guys,32.94,96.35,22.30,533.43,197.99,216.79,29.18,96.35,17.02,533.43,172.69,247.37,14.09,96.35,42.20,533.43,117.35,277.52,533.43,414.46,118.97,22.30,533.43,507.28,26.14,4.90,13.57,96.35,34.29,533.43,106.66,296.12,533.43,500.16,33.26,6.24,7.19,96.35,6.51,533.43,44.85,385.72,533.43,482.06,51.36,9.63,28.08,276.88,21.25,533.43,171.03,64.26,us,Custom Sectors,BLOOMIN,
17003,2/14/2021,Burger King,27.17,62.71,78.92,764.59,286.62,336.35,12.59,62.71,90.62,764.59,186.87,424.39,24.52,62.71,61.03,764.59,248.54,392.32,764.59,543.67,220.92,28.89,764.59,529.83,234.76,30.70,2.50,62.71,109.79,764.59,128.87,463.22,764.59,705.19,59.40,7.77,11.60,62.71,37.53,764.59,126.20,538.16,764.59,600.86,163.73,21.41,27.55,195.85,66.45,764.59,277.10,225.19,us,Custom Sectors,BLOOMIN,
17010,2/14/2021,KFC,18.71,68.68,101.52,787.34,248.84,368.30,13.95,68.68,89.78,787.34,199.64,429.23,14.56,68.68,72.67,787.34,187.32,458.67,787.34,617.42,169.92,21.58,787.34,574.45,212.89,27.04,3.57,68.68,107.40,787.34,135.51,475.74,787.34,767.46,19.88,2.52,9.38,68.68,29.15,787.34,102.97,586.53,787.34,655.22,132.12,16.78,22.88,254.84,57.95,787.34,238.09,236.46,us,Custom Sectors,BLOOMIN,
16019,2/14/2021,Olive Garden,39.24,44.70,34.96,440.00,207.61,152.73,36.42,44.70,26.34,440.00,186.58,182.38,23.80,44.70,48.69,440.00,153.41,193.19,440.00,301.96,138.04,31.37,440.00,327.44,112.56,25.58,22.68,44.70,30.05,440.00,129.84,235.41,440.00,399.17,40.84,9.28,13.89,44.70,8.51,440.00,69.63,317.15,440.00,361.85,78.15,17.76,37.44,127.12,26.45,440.00,191.17,95.26,us,Custom Sectors,BLOOMIN,
15006,2/14/2021,Fleming's,3.54,213.72,0.65,244.00,9.28,20.35,4.58,213.72,0.78,244.00,11.96,17.54,0.70,213.72,1.34,244.00,3.05,25.88,244.00,240.95,3.05,1.25,244.00,242.33,1.67,0.69,3.11,213.72,0.65,244.00,8.23,21.40,244.00,242.57,1.43,0.59,0.11,213.72,0.65,244.00,0.93,28.71,244.00,242.43,1.57,0.64,1.85,236.76,0.00,244.00,4.52,2.72,us,Custom Sectors,BLOOMIN,
17014,2/14/2021,McDonald's,24.66,58.45,112.92,769.33,302.64,295.31,6.05,58.45,145.33,769.33,191.91,373.63,24.54,58.45,99.89,769.33,288.69,322.29,769.33,486.99,282.34,36.70,769.33,440.86,328.46,42.69,-3.57,58.45,163.13,769.33,135.68,412.07,769.33,671.99,97.33,12.65,11.99,58.45,58.11,769.33,150.32,502.45,769.33,560.90,208.43,27.09,23.93,147.20,116.07,769.33,300.15,205.91,us,Custom Sectors,BLOOMIN,
1000638,2/14/2021,Chipotle,23.59,74.09,43.64,522.69,166.94,238.03,23.42,74.09,43.41,522.69,165.83,239.36,16.22,74.09,46.54,522.69,131.31,270.76,522.69,410.30,112.39,21.50,522.69,431.80,90.89,17.39,11.32,74.09,47.71,522.69,106.89,294.00,522.69,476.63,46.06,8.81,6.35,74.09,26.02,522.69,59.20,363.38,522.69,437.47,85.22,16.30,19.35,290.83,25.67,522.69,126.79,79.40,us,Custom Sectors,BLOOMIN,
17016,2/14/2021,Popeyes,22.74,110.41,51.75,789.18,231.22,395.80,16.76,110.41,56.64,789.18,188.94,433.20,15.09,110.41,45.32,789.18,164.41,469.04,789.18,633.24,155.94,19.76,789.18,623.93,165.26,20.94,3.37,110.41,90.14,789.18,116.78,471.85,789.18,767.90,21.28,2.70,13.53,110.41,20.74,789.18,127.54,530.50,789.18,640.90,148.28,18.79,19.81,415.96,31.35,789.18,187.69,154.18,us,Custom Sectors,BLOOMIN,
16018,2/14/2021,Romano's Macaroni Grill,8.91,244.32,7.09,440.00,46.29,142.30,9.27,244.32,8.53,440.00,49.34,137.81,6.04,244.32,9.30,440.00,35.88,150.50,440.00,404.66,35.34,8.03,440.00,431.85,8.15,1.85,10.62,244.32,5.55,440.00,52.26,137.87,440.00,438.57,1.43,0.33,1.73,244.32,4.83,440.00,12.44,178.42,440.00,422.73,17.27,3.92,8.98,355.97,2.83,440.00,42.32,38.88,us,Custom Sectors,BLOOMIN,
18021,2/14/2021,Panera Bread,42.03,82.36,21.94,532.41,245.70,182.40,42.31,82.36,11.66,532.41,236.95,201.44,18.46,82.36,55.08,532.41,153.38,241.59,532.41,374.43,157.98,29.67,532.41,438.45,93.96,17.65,24.39,82.36,31.70,532.41,161.57,256.78,532.41,464.24,68.17,12.80,12.27,82.36,3.91,532.41,69.23,376.91,532.41,459.27,73.13,13.74,35.57,227.96,19.25,532.41,208.63,76.56,us,Custom Sectors,BLOOMIN,
15022,2/14/2021,Texas Roadhouse,32.42,61.38,10.29,244.00,89.39,82.94,29.18,61.38,8.01,244.00,79.22,95.39,27.90,61.38,11.72,244.00,79.80,91.10,244.00,190.24,53.76,22.03,244.00,218.25,25.75,10.55,19.72,61.38,17.26,244.00,65.38,99.98,244.00,207.45,36.55,14.98,13.64,61.38,0.65,244.00,33.92,148.05,244.00,209.43,34.57,14.17,25.07,143.14,7.51,244.00,68.68,24.66,us,Custom Sectors,BLOOMIN,
17021,2/14/2021,Taco Bell,23.52,61.76,82.21,773.71,264.17,365.57,2.26,61.76,130.89,773.71,148.40,432.66,23.69,61.76,73.10,773.71,256.43,382.42,773.71,552.50,221.21,28.59,773.71,548.76,224.95,29.07,-2.37,61.76,124.72,773.71,106.36,480.88,773.71,716.38,57.33,7.41,12.21,61.76,33.07,773.71,127.51,551.37,773.71,613.13,160.58,20.75,24.03,220.92,74.22,773.71,260.13,218.43,us,Custom Sectors,BLOOMIN,
18017,2/21/2021,IHOP,30.83,54.30,52.40,619.74,243.46,269.58,23.83,54.30,58.67,619.74,206.33,300.45,23.73,54.30,50.59,619.74,197.66,317.19,619.74,490.12,129.63,20.92,619.74,515.03,104.72,16.90,8.47,54.30,76.78,619.74,129.30,359.37,619.74,587.86,31.89,5.15,9.65,54.30,18.17,619.74,77.96,469.31,619.74,523.61,96.13,15.51,26.57,200.50,48.05,619.74,212.70,158.49,us,Custom Sectors,BLOOMIN,
15010,2/21/2021,LongHorn Steakhouse,24.71,103.29,8.12,281.00,77.56,92.03,24.67,103.29,12.65,281.00,81.97,83.09,16.21,103.29,14.24,281.00,59.79,103.68,281.00,234.97,46.03,16.38,281.00,266.63,14.37,5.11,15.41,103.29,12.96,281.00,56.27,108.47,281.00,264.49,16.51,5.88,5.52,103.29,3.98,281.00,19.49,154.24,281.00,257.53,23.47,8.35,19.99,205.41,2.95,281.00,59.13,13.51,us,Custom Sectors,BLOOMIN,
15015,2/21/2021,Outback Steakhouse,40.72,29.36,16.64,281.00,131.06,103.94,34.01,29.36,19.27,281.00,114.83,117.53,24.56,29.36,32.59,281.00,101.60,117.45,281.00,198.18,82.82,29.47,281.00,217.17,63.83,22.72,22.51,29.36,24.66,281.00,87.91,139.07,281.00,242.84,38.16,13.58,10.81,29.36,12.47,281.00,42.85,196.31,281.00,225.68,55.32,19.69,29.65,114.12,23.68,281.00,107.00,36.20,us,Custom Sectors,BLOOMIN,
1000490,2/21/2021,Five Guys,32.05,126.68,28.87,627.45,229.96,241.93,29.86,126.68,22.92,627.45,210.29,267.56,15.72,126.68,58.21,627.45,156.83,285.72,627.45,475.96,151.49,24.14,627.45,604.95,22.50,3.59,10.57,126.68,47.32,627.45,113.63,339.81,627.45,588.62,38.83,6.19,8.50,126.68,12.43,627.45,65.77,422.57,627.45,549.25,78.20,12.46,26.72,329.22,22.15,627.45,189.78,86.29,us,Custom Sectors,BLOOMIN,
17003,2/21/2021,Burger King,24.76,78.54,91.07,876.42,308.04,398.77,14.39,78.54,112.39,876.42,238.47,447.02,23.85,78.54,67.48,876.42,276.53,453.87,876.42,622.19,254.23,29.01,876.42,646.52,229.90,26.23,-1.52,78.54,150.47,876.42,137.16,510.25,876.42,810.30,66.12,7.54,10.69,78.54,30.21,876.42,123.95,643.72,876.42,722.26,154.16,17.59,22.91,229.52,90.43,876.42,291.26,265.21,us,Custom Sectors,BLOOMIN,
17010,2/21/2021,KFC,21.54,67.80,102.04,857.27,286.68,400.75,16.25,67.80,97.74,857.27,237.04,454.69,13.15,67.80,103.31,857.27,216.08,470.08,857.27,664.97,192.30,22.43,857.27,643.60,213.67,24.92,0.55,67.80,137.41,857.27,142.10,509.95,857.27,824.67,32.60,3.80,8.42,67.80,42.70,857.27,114.87,631.90,857.27,699.70,157.57,18.38,22.10,237.51,79.32,857.27,268.79,271.65,us,Custom Sectors,BLOOMIN,
16019,2/21/2021,Olive Garden,33.37,57.92,58.44,519.00,231.65,171.00,29.99,57.92,55.34,519.00,210.98,194.77,21.41,57.92,58.06,519.00,169.15,233.87,519.00,359.69,159.31,30.70,519.00,383.33,135.67,26.14,17.11,57.92,47.84,519.00,136.64,276.60,519.00,463.75,55.25,10.65,12.55,57.92,12.97,519.00,78.09,370.02,519.00,427.94,91.06,17.55,30.97,174.12,43.66,519.00,204.39,96.83,us,Custom Sectors,BLOOMIN,
15006,2/21/2021,Fleming's,5.39,242.53,0.73,281.00,15.89,21.85,4.78,242.53,1.88,281.00,15.31,21.28,1.44,242.53,4.14,281.00,8.18,26.15,281.00,273.69,7.31,2.60,281.00,278.41,2.59,0.92,2.73,242.53,1.66,281.00,9.33,27.49,281.00,280.08,0.92,0.33,2.07,242.53,0.73,281.00,6.54,31.20,281.00,273.73,7.27,2.59,3.21,268.07,0.73,281.00,9.75,2.44,us,Custom Sectors,BLOOMIN,
17014,2/21/2021,McDonald's,24.15,67.54,120.78,870.98,331.10,351.56,7.18,67.54,154.95,870.98,217.47,431.02,20.50,67.54,128.84,870.98,307.37,367.22,870.98,558.10,312.88,35.92,870.98,522.73,348.25,39.98,-8.48,67.54,222.56,870.98,148.71,432.16,870.98,756.87,114.11,13.10,12.40,67.54,66.95,870.98,174.97,561.52,870.98,629.06,241.91,27.77,25.00,164.93,121.63,870.98,339.39,245.03,us,Custom Sectors,BLOOMIN,
1000638,2/21/2021,Chipotle,20.51,93.08,74.83,613.75,200.71,245.13,24.43,93.08,49.20,613.75,199.13,272.34,13.64,93.08,63.22,613.75,146.94,310.51,613.75,476.80,136.95,22.31,613.75,522.27,91.48,14.90,10.86,93.08,61.87,613.75,128.51,330.29,613.75,555.86,57.89,9.43,9.31,93.08,23.95,613.75,81.08,415.64,613.75,508.72,105.03,17.11,19.57,330.46,36.54,613.75,156.64,90.10,us,Custom Sectors,BLOOMIN,
17016,2/21/2021,Popeyes,23.04,116.71,53.64,872.50,254.65,447.50,15.75,116.71,59.34,872.50,196.74,499.70,7.69,116.71,76.70,872.50,143.77,535.32,872.50,699.54,172.95,19.82,872.50,656.62,215.88,24.74,1.24,116.71,118.55,872.50,129.33,507.91,872.50,833.77,38.72,4.44,12.34,116.71,21.94,872.50,129.56,604.28,872.50,720.99,151.50,17.36,21.58,462.05,31.60,872.50,219.88,158.97,us,Custom Sectors,BLOOMIN,
16018,2/21/2021,Romano's Macaroni Grill,12.40,300.03,7.87,519.00,72.21,138.90,11.20,300.03,8.93,519.00,67.07,142.98,2.86,300.03,18.58,519.00,33.42,166.98,519.00,486.41,32.59,6.28,519.00,515.96,3.04,0.59,5.81,300.03,14.50,519.00,44.68,159.80,519.00,517.45,1.55,0.30,0.70,300.03,1.34,519.00,4.98,212.65,519.00,512.68,6.32,1.22,9.92,416.81,3.50,519.00,54.96,43.73,us,Custom Sectors,BLOOMIN,
18021,2/21/2021,Panera Bread,41.64,94.39,32.18,590.97,278.23,186.17,44.85,94.39,21.77,590.97,286.80,188.01,18.02,94.39,59.94,590.97,166.44,270.20,590.97,390.03,200.94,34.00,590.97,466.74,124.23,21.02,21.86,94.39,37.46,590.97,166.62,292.49,590.97,513.27,77.70,13.15,16.52,94.39,5.72,590.97,103.33,387.52,590.97,481.91,109.06,18.45,32.27,250.00,26.05,590.97,216.75,98.16,us,Custom Sectors,BLOOMIN,
15022,2/21/2021,Texas Roadhouse,39.69,64.88,9.67,281.00,121.19,85.27,35.66,64.88,9.97,281.00,110.16,96.00,30.78,64.88,17.55,281.00,104.05,94.52,281.00,204.20,76.80,27.33,281.00,245.37,35.63,12.68,21.95,64.88,16.18,281.00,77.86,122.08,281.00,234.66,46.34,16.49,15.18,64.88,0.91,281.00,43.58,171.63,281.00,236.51,44.49,15.83,31.58,154.35,9.37,281.00,98.13,19.15,us,Custom Sectors,BLOOMIN,
17021,2/21/2021,Taco Bell,23.38,70.75,103.73,873.55,307.98,391.08,7.58,70.75,130.29,873.55,196.53,475.98,23.87,70.75,82.59,873.55,291.13,429.08,873.55,629.25,244.30,27.97,873.55,598.49,275.06,31.49,-2.60,70.75,155.13,873.55,132.43,515.24,873.55,825.23,48.31,5.53,11.35,70.75,44.51,873.55,143.64,614.64,873.55,685.39,188.16,21.54,24.49,249.83,85.77,873.55,299.68,238.27,us,Custom Sectors,BLOOMIN,
18017,2/28/2021,IHOP,35.71,21.45,13.88,257.39,105.80,116.26,23.45,21.45,23.19,257.39,83.55,129.19,24.37,21.45,18.24,257.39,80.95,136.74,257.39,193.17,64.22,24.95,257.39,205.61,51.78,20.12,4.72,21.45,29.48,257.39,41.64,164.82,257.39,251.58,5.81,2.26,10.07,21.45,3.33,257.39,29.23,203.38,257.39,224.83,32.56,12.65,32.14,90.83,13.43,257.39,96.15,56.98,us,Custom Sectors,BLOOMIN,
15010,2/28/2021,LongHorn Steakhouse,20.92,41.06,4.62,121.00,29.94,45.38,25.62,41.06,2.58,121.00,33.58,43.78,13.87,41.06,4.18,121.00,20.97,54.80,121.00,98.39,22.61,18.69,121.00,116.10,4.90,4.05,17.28,41.06,5.67,121.00,26.59,47.68,121.00,111.61,9.39,7.76,12.43,41.06,0.00,121.00,15.04,64.90,121.00,105.96,15.04,12.43,12.46,87.81,2.68,121.00,17.76,12.75,us,Custom Sectors,BLOOMIN,
15015,2/28/2021,Outback Steakhouse,29.50,10.16,17.29,121.00,52.98,40.57,26.33,10.16,16.94,121.00,48.80,45.10,23.19,10.16,13.16,121.00,41.22,56.47,121.00,90.30,30.70,25.37,121.00,101.86,19.14,15.82,19.17,10.16,13.14,121.00,36.33,61.37,121.00,110.74,10.26,8.48,17.31,10.16,2.41,121.00,23.36,85.07,121.00,95.23,25.77,21.30,26.51,41.20,16.31,121.00,48.39,15.10,us,Custom Sectors,BLOOMIN,
1000490,2/28/2021,Five Guys,33.32,50.68,9.41,258.20,95.45,102.66,30.09,50.68,10.38,258.20,88.07,109.07,15.92,50.68,20.86,258.20,61.97,124.69,258.20,200.02,58.18,22.53,258.20,255.05,3.15,1.22,15.21,50.68,14.97,258.20,54.23,138.32,258.20,247.85,10.34,4.01,5.97,50.68,10.51,258.20,25.92,171.08,258.20,221.76,36.44,14.11,28.17,140.33,9.11,258.20,81.83,26.93,us,Custom Sectors,BLOOMIN,
17003,2/28/2021,Burger King,22.13,37.48,43.63,365.29,124.48,159.70,9.79,37.48,49.01,365.29,84.78,194.02,23.97,37.48,27.42,365.29,114.98,185.41,365.29,252.72,112.57,30.82,365.29,258.33,106.96,29.28,6.14,37.48,48.38,365.29,70.81,208.61,365.29,332.66,32.63,8.93,11.74,37.48,15.87,365.29,58.75,253.19,365.29,290.67,74.62,20.43,25.96,98.00,39.38,365.29,134.22,93.69,us,Custom Sectors,BLOOMIN,
17010,2/28/2021,KFC,23.22,42.51,46.04,368.13,131.53,148.05,13.40,42.51,47.12,368.13,96.46,182.03,15.40,42.51,40.85,368.13,97.53,187.23,368.13,287.92,80.21,21.79,368.13,262.86,105.27,28.59,1.99,42.51,57.21,368.13,64.54,203.87,368.13,361.72,6.41,1.74,11.69,42.51,20.21,368.13,63.23,242.17,368.13,284.68,83.45,22.67,23.29,111.22,42.12,368.13,127.88,86.91,us,Custom Sectors,BLOOMIN,
16019,2/28/2021,Olive Garden,42.54,21.51,12.21,198.00,96.44,67.84,25.98,21.51,19.50,198.00,70.94,86.05,24.33,21.51,18.61,198.00,66.78,91.10,198.00,147.46,50.54,25.53,198.00,150.98,47.02,23.75,16.00,21.51,15.79,198.00,47.46,113.24,198.00,184.91,13.09,6.61,12.69,21.51,2.93,198.00,28.06,145.50,198.00,167.01,30.99,15.65,26.63,62.24,14.65,198.00,67.38,53.73,us,Custom Sectors,BLOOMIN,
15006,2/28/2021,Fleming's,2.25,102.99,1.97,121.00,4.69,11.35,4.48,102.99,0.60,121.00,6.02,11.39,1.65,102.99,1.37,121.00,3.37,13.27,121.00,115.79,5.21,4.31,121.00,120.23,0.77,0.64,6.74,102.99,0.60,121.00,8.75,8.65,121.00,121.00,0.00,0.00,-0.04,102.99,0.77,121.00,0.73,16.50,121.00,119.50,1.50,1.24,1.55,116.38,1.37,121.00,3.25,0.00,us,Custom Sectors,BLOOMIN,
17014,2/28/2021,McDonald's,23.58,32.14,58.83,367.82,145.56,131.29,6.39,32.14,68.53,367.82,92.05,175.10,25.58,32.14,48.60,367.82,142.67,144.42,367.82,223.65,144.17,39.20,367.82,205.42,162.40,44.15,1.61,32.14,72.52,367.82,78.43,184.73,367.82,303.26,64.56,17.55,15.59,32.14,26.99,367.82,84.33,224.36,367.82,256.49,111.33,30.27,27.42,67.77,56.48,367.82,157.34,86.23,us,Custom Sectors,BLOOMIN,
1000638,2/28/2021,Chipotle,18.26,48.71,27.68,278.82,78.58,123.84,19.83,48.71,23.30,278.82,78.59,128.21,14.47,48.71,27.67,278.82,68.01,134.43,278.82,218.82,60.00,21.52,278.82,232.46,46.36,16.63,12.52,48.71,25.66,278.82,60.58,143.86,278.82,245.24,33.58,12.04,4.89,48.71,14.28,278.82,27.91,187.92,278.82,236.63,42.19,15.13,21.57,155.47,12.49,278.82,72.63,38.22,us,Custom Sectors,BLOOMIN,
17016,2/28/2021,Popeyes,25.67,48.48,29.37,358.41,121.37,159.19,20.26,48.48,19.40,358.41,92.01,198.52,20.26,48.48,16.60,358.41,89.22,204.11,358.41,277.31,81.10,22.63,358.41,271.91,86.50,24.14,8.05,48.48,41.14,358.41,69.97,198.82,358.41,348.87,9.54,2.66,17.25,48.48,5.40,358.41,67.22,237.32,358.41,285.80,72.61,20.26,23.23,186.88,16.09,358.41,99.34,56.11,us,Custom Sectors,BLOOMIN,
16018,2/28/2021,Romano's Macaroni Grill,8.17,121.34,6.12,198.00,22.29,48.25,10.65,121.34,5.50,198.00,26.58,44.58,5.99,121.34,5.37,198.00,17.22,54.07,198.00,185.42,12.58,6.35,198.00,196.58,1.42,0.72,4.61,121.34,7.49,198.00,16.62,52.55,198.00,194.84,3.16,1.60,1.76,121.34,0.00,198.00,3.48,73.18,198.00,194.52,3.48,1.76,8.51,169.14,1.47,198.00,18.32,9.07,us,Custom Sectors,BLOOMIN,
18021,2/28/2021,Panera Bread,39.20,56.17,10.85,268.66,116.15,85.49,41.25,56.17,10.25,268.66,121.08,81.16,16.25,56.17,28.66,268.66,72.32,111.51,268.66,188.17,80.49,29.96,268.66,218.81,49.85,18.56,18.94,56.17,17.24,268.66,68.12,127.13,268.66,228.65,40.01,14.89,12.42,56.17,5.23,268.66,38.58,168.68,268.66,224.85,43.81,16.31,34.22,124.94,10.03,268.66,101.97,31.72,us,Custom Sectors,BLOOMIN,
15022,2/28/2021,Texas Roadhouse,33.78,33.15,4.17,121.00,45.03,38.66,29.87,33.15,3.91,121.00,40.05,43.90,25.85,33.15,1.50,121.00,32.78,53.57,121.00,96.84,24.16,19.97,121.00,114.51,6.49,5.36,18.03,33.15,7.17,121.00,28.99,51.70,121.00,104.67,16.33,13.50,10.84,33.15,0.00,121.00,13.12,74.73,121.00,107.88,13.12,10.84,29.96,71.01,1.97,121.00,38.23,9.79,us,Custom Sectors,BLOOMIN,
17021,2/28/2021,Taco Bell,25.89,42.28,42.09,364.50,136.47,143.65,1.50,42.28,72.08,364.50,77.56,172.58,26.89,42.28,27.23,364.50,125.25,169.74,364.50,238.71,125.79,34.51,364.50,238.35,126.15,34.61,5.96,42.28,49.50,364.50,71.23,201.48,364.50,340.77,23.73,6.51,17.48,42.28,16.81,364.50,80.53,224.87,364.50,267.16,97.34,26.71,29.67,107.65,34.27,364.50,142.43,80.15,us,Custom Sectors,BLOOMIN,
18017,3/2/2021,IHOP,36.39,58.01,42.70,598.29,260.44,237.14,30.37,58.01,40.71,598.29,222.40,277.17,28.02,58.01,43.36,598.29,211.01,285.91,598.29,453.38,144.91,24.22,598.29,472.85,125.44,20.97,13.28,58.01,66.27,598.29,145.72,328.28,598.29,568.77,29.52,4.93,8.44,58.01,21.69,598.29,72.20,446.38,598.29,504.40,93.89,15.69,33.86,206.81,35.91,598.29,238.49,117.08,us,Custom Sectors,BLOOMIN,
15010,3/2/2021,LongHorn Steakhouse,28.01,89.73,8.94,280.00,87.35,93.98,25.68,89.73,9.97,280.00,81.87,98.44,18.08,89.73,16.50,280.00,67.12,106.65,280.00,229.35,50.65,18.09,280.00,261.81,18.19,6.50,18.13,89.73,16.03,280.00,66.78,107.47,280.00,258.78,21.22,7.58,6.73,89.73,4.37,280.00,23.22,162.68,280.00,252.41,27.59,9.85,21.40,182.87,7.62,280.00,67.54,21.98,us,Custom Sectors,BLOOMIN,
15015,3/2/2021,Outback Steakhouse,41.71,24.17,24.47,280.00,141.26,90.10,33.76,24.17,23.34,280.00,117.87,114.62,25.90,24.17,29.73,280.00,102.24,123.86,280.00,201.26,78.74,28.12,280.00,228.07,51.93,18.55,23.89,24.17,21.31,280.00,88.21,146.30,280.00,242.58,37.42,13.36,14.82,24.17,2.50,280.00,43.98,209.35,280.00,233.52,46.48,16.60,36.05,105.31,19.43,280.00,120.38,34.89,us,Custom Sectors,BLOOMIN,
1000490,3/2/2021,Five Guys,29.06,134.43,23.33,596.51,196.69,242.06,26.75,134.43,19.25,596.51,178.79,264.04,16.18,134.43,38.12,596.51,134.62,289.34,596.51,462.51,134.00,22.46,596.51,567.59,28.92,4.85,16.81,134.43,26.12,596.51,126.38,309.58,596.51,558.46,38.06,6.38,9.49,134.43,13.93,596.51,70.54,377.62,596.51,512.05,84.46,14.16,22.51,346.70,23.29,596.51,157.55,68.98,us,Custom Sectors,BLOOMIN,
17003,3/2/2021,Burger King,22.87,83.88,93.18,804.01,277.03,349.92,10.46,83.88,105.52,804.01,189.59,425.03,19.32,83.88,83.92,804.01,239.24,396.98,804.01,571.48,232.53,28.92,804.01,570.31,233.70,29.07,2.57,83.88,121.12,804.01,141.75,457.26,804.01,749.27,54.74,6.81,9.80,83.88,33.41,804.01,112.16,574.56,804.01,658.44,145.57,18.11,24.93,204.09,92.47,804.01,292.88,214.58,us,Custom Sectors,BLOOMIN,
17010,3/2/2021,KFC,25.50,74.36,74.14,796.13,277.14,370.49,15.98,74.36,81.61,796.13,208.86,431.30,12.36,74.36,83.21,796.13,181.61,456.94,796.13,610.11,186.02,23.37,796.13,578.93,217.20,27.28,3.23,74.36,118.80,796.13,144.49,458.47,796.13,766.66,29.47,3.70,9.76,74.36,34.00,796.13,111.73,576.04,796.13,650.40,145.73,18.30,24.26,213.88,83.60,796.13,276.73,221.92,us,Custom Sectors,BLOOMIN,
16019,3/2/2021,Olive Garden,41.46,50.79,44.35,492.00,248.33,148.53,37.39,50.79,37.64,492.00,221.58,181.99,27.85,50.79,47.97,492.00,185.01,208.23,492.00,355.40,136.60,27.76,492.00,352.56,139.44,28.34,20.44,50.79,43.26,492.00,143.82,254.13,492.00,448.61,43.39,8.82,13.13,50.79,20.37,492.00,84.99,335.85,492.00,386.64,105.36,21.41,37.34,147.87,39.29,492.00,223.01,81.83,us,Custom Sectors,BLOOMIN,
15006,3/2/2021,Fleming's,6.94,208.56,2.79,280.00,22.22,46.43,7.77,208.56,4.65,280.00,26.40,40.38,2.25,208.56,5.25,280.00,11.56,54.63,280.00,268.53,11.47,4.09,280.00,275.66,4.34,1.55,8.01,208.56,4.68,280.00,27.10,39.66,280.00,279.20,0.80,0.29,0.92,208.56,4.06,280.00,6.62,60.76,280.00,269.32,10.68,3.82,3.57,261.66,1.39,280.00,11.38,5.56,us,Custom Sectors,BLOOMIN,
17014,3/2/2021,McDonald's,21.78,60.18,125.64,808.16,301.67,320.66,6.74,60.18,142.37,808.16,196.83,408.79,21.16,60.18,124.26,808.16,295.25,328.47,808.16,500.39,307.77,38.08,808.16,468.41,339.74,42.04,-1.55,60.18,171.01,808.16,158.51,418.45,808.16,697.85,110.31,13.65,12.68,60.18,64.93,808.16,167.44,515.60,808.16,575.78,232.38,28.75,25.92,160.78,107.44,808.16,316.93,223.01,us,Custom Sectors,BLOOMIN,
1000638,3/2/2021,Chipotle,20.53,112.92,73.84,635.15,204.20,244.19,20.37,112.92,58.19,635.15,187.59,276.45,12.19,112.92,75.65,635.15,153.08,293.49,635.15,489.74,145.40,22.89,635.15,544.97,90.17,14.20,11.54,112.92,63.52,635.15,136.85,321.86,635.15,580.50,54.65,8.60,8.48,112.92,29.68,635.15,83.52,409.02,635.15,521.94,113.20,17.82,19.83,348.59,37.00,635.15,162.93,86.63,us,Custom Sectors,BLOOMIN,
17016,3/2/2021,Popeyes,24.98,108.51,44.22,792.91,242.32,397.85,16.26,108.51,52.61,792.91,181.57,450.21,13.63,108.51,49.15,792.91,157.24,478.00,792.91,641.37,151.54,19.11,792.91,626.61,166.30,20.97,3.70,108.51,93.63,792.91,122.97,467.79,792.91,766.01,26.90,3.39,11.90,108.51,12.84,792.91,107.19,564.37,792.91,672.88,120.03,15.14,20.53,415.90,36.48,792.91,199.29,141.24,us,Custom Sectors,BLOOMIN,
16018,3/2/2021,Romano's Macaroni Grill,10.33,277.93,16.50,492.00,67.33,130.24,11.17,277.93,12.25,492.00,67.19,134.63,3.55,277.93,17.66,492.00,35.14,161.27,492.00,471.87,20.13,4.09,492.00,487.33,4.67,0.95,6.93,277.93,16.42,492.00,50.51,147.14,492.00,491.27,0.73,0.15,3.20,277.93,4.04,492.00,19.76,190.27,492.00,468.20,23.80,4.84,6.29,399.95,13.07,492.00,44.01,34.97,us,Custom Sectors,BLOOMIN,
18021,3/2/2021,Panera Bread,38.11,101.17,36.43,612.45,269.82,205.03,36.92,101.17,25.11,612.45,251.25,234.91,15.19,101.17,75.06,612.45,168.10,268.12,612.45,437.90,174.56,28.50,612.45,504.94,107.51,17.55,20.97,101.17,44.98,612.45,173.40,292.91,612.45,548.65,63.80,10.42,13.45,101.17,21.66,612.45,104.06,385.56,612.45,486.73,125.72,20.53,27.37,281.25,38.86,612.45,206.47,85.88,us,Custom Sectors,BLOOMIN,
15022,3/2/2021,Texas Roadhouse,35.68,64.64,11.38,280.00,111.30,92.68,32.65,64.64,9.90,280.00,101.32,104.15,26.39,64.64,17.13,280.00,91.03,107.21,280.00,215.41,64.59,23.07,280.00,254.07,25.93,9.26,18.42,64.64,23.04,280.00,74.61,117.72,280.00,239.31,40.69,14.53,15.46,64.64,3.99,280.00,47.27,164.10,280.00,228.73,51.27,18.31,25.95,160.39,10.97,280.00,83.64,25.00,us,Custom Sectors,BLOOMIN,
17021,3/2/2021,Taco Bell,20.07,71.89,117.07,803.09,278.24,335.89,1.16,71.89,145.35,803.09,154.66,431.18,21.32,71.89,84.64,803.09,255.90,390.66,803.09,568.60,234.49,29.20,803.09,548.35,254.74,31.72,-2.21,71.89,142.13,803.09,124.37,464.71,803.09,743.42,59.67,7.43,12.15,71.89,33.57,803.09,131.13,566.50,803.09,638.39,164.70,20.51,23.72,246.97,84.12,803.09,274.58,197.42,us,Custom Sectors,BLOOMIN,
18017,3/9/2021,IHOP,37.60,56.07,37.84,564.45,250.04,220.50,27.94,56.07,49.79,564.45,207.47,251.12,29.38,56.07,45.70,564.45,211.55,251.14,564.45,428.86,135.59,24.02,564.45,447.04,117.41,20.80,12.01,56.07,64.79,564.45,132.60,310.98,564.45,536.24,28.21,5.00,12.10,56.07,14.54,564.45,82.85,410.99,564.45,467.06,97.39,17.25,33.35,179.05,38.52,564.45,226.78,120.09,us,Custom Sectors,BLOOMIN,
15010,3/9/2021,LongHorn Steakhouse,29.48,78.72,6.82,271.00,86.72,98.75,29.01,78.72,10.28,271.00,88.89,93.12,12.75,78.72,20.16,271.00,54.72,117.40,271.00,225.71,45.29,16.71,271.00,249.91,21.09,7.78,21.28,78.72,8.03,271.00,65.70,118.55,271.00,252.36,18.64,6.88,5.36,78.72,7.44,271.00,21.97,162.87,271.00,241.59,29.41,10.85,21.77,190.92,1.70,271.00,60.69,17.70,us,Custom Sectors,BLOOMIN,
15015,3/9/2021,Outback Steakhouse,33.31,38.62,23.72,271.00,113.98,94.67,31.12,38.62,23.32,271.00,107.66,101.40,20.32,38.62,32.43,271.00,87.50,112.45,271.00,183.31,87.69,32.36,271.00,217.10,53.90,19.89,24.61,38.62,22.04,271.00,88.74,121.60,271.00,225.30,45.70,16.86,14.91,38.62,2.16,271.00,42.56,187.66,271.00,226.28,44.72,16.50,29.17,120.17,20.00,271.00,99.05,31.78,us,Custom Sectors,BLOOMIN,
1000490,3/9/2021,Five Guys,34.26,130.88,19.30,559.33,210.93,198.22,32.20,130.88,14.04,559.33,194.14,220.27,12.19,130.88,46.98,559.33,115.15,266.31,559.33,426.38,132.95,23.77,559.33,536.11,23.22,4.15,14.79,130.88,33.31,559.33,116.03,279.11,559.33,528.12,31.21,5.58,8.68,130.88,12.32,559.33,60.88,355.24,559.33,486.13,73.21,13.09,24.52,311.10,18.06,559.33,155.19,74.98,us,Custom Sectors,BLOOMIN,
17003,3/9/2021,Burger King,21.91,70.55,91.46,795.36,265.71,367.64,10.92,70.55,102.41,795.36,189.30,433.10,19.50,70.55,72.40,795.36,227.46,424.95,795.36,551.88,243.49,30.61,795.36,525.41,269.95,33.94,2.88,70.55,112.15,795.36,135.02,477.64,795.36,752.59,42.77,5.38,7.41,70.55,38.81,795.36,97.77,588.23,795.36,658.78,136.58,17.17,26.02,173.85,81.45,795.36,288.38,251.68,us,Custom Sectors,BLOOMIN,
17010,3/9/2021,KFC,23.04,63.94,74.40,772.02,252.30,381.39,12.47,63.94,92.30,772.02,188.61,427.17,12.57,63.94,87.20,772.02,184.26,436.62,772.02,590.25,181.77,23.55,772.02,544.89,227.13,29.42,6.96,63.94,87.60,772.02,141.37,479.12,772.02,751.10,20.92,2.71,11.18,63.94,13.52,772.02,99.82,594.74,772.02,658.68,113.34,14.68,20.74,208.42,72.19,772.02,232.33,259.09,us,Custom Sectors,BLOOMIN,
16019,3/9/2021,Olive Garden,42.18,51.23,38.92,506.00,252.35,163.50,38.24,51.23,43.63,506.00,237.10,174.04,30.14,51.23,45.16,506.00,197.67,211.93,506.00,332.66,173.34,34.26,506.00,394.41,111.59,22.05,20.84,51.23,42.25,506.00,147.72,264.80,506.00,445.61,60.39,11.93,10.78,51.23,13.24,506.00,67.81,373.72,506.00,424.95,81.05,16.02,36.67,167.58,31.67,506.00,217.20,89.54,us,Custom Sectors,BLOOMIN,
15006,3/9/2021,Fleming's,6.73,228.26,1.29,271.00,19.54,21.91,6.90,228.26,3.12,271.00,21.82,17.79,0.63,228.26,10.24,271.00,11.95,20.55,271.00,265.75,5.25,1.94,271.00,265.70,5.30,1.96,5.42,228.26,3.82,271.00,18.49,20.43,271.00,269.61,1.39,0.51,2.14,228.26,0.82,271.00,6.62,35.29,271.00,263.56,7.44,2.75,4.25,254.01,0.64,271.00,12.16,4.19,us,Custom Sectors,BLOOMIN,
17014,3/9/2021,McDonald's,19.62,53.15,127.26,798.60,283.92,334.27,5.20,53.15,159.46,798.60,201.02,384.97,22.76,53.15,105.75,798.60,287.51,352.19,798.60,484.91,313.69,39.28,798.60,469.08,329.52,41.26,-1.07,53.15,157.62,798.60,149.05,438.78,798.60,680.83,117.77,14.75,12.13,53.15,57.09,798.60,153.98,534.38,798.60,587.54,211.06,26.43,24.57,128.12,121.52,798.60,317.73,231.22,us,Custom Sectors,BLOOMIN,
1000638,3/9/2021,Chipotle,24.60,89.11,57.50,565.44,196.58,222.25,26.39,89.11,38.82,565.44,188.04,249.48,15.22,89.11,54.62,565.44,140.68,281.03,565.44,432.49,132.96,23.51,565.44,479.61,85.83,15.18,12.04,89.11,60.45,565.44,128.55,287.34,565.44,518.77,46.68,8.26,8.72,89.11,17.69,565.44,67.02,391.62,565.44,480.73,84.72,14.98,21.84,297.35,33.69,565.44,157.20,77.20,us,Custom Sectors,BLOOMIN,
17016,3/9/2021,Popeyes,23.19,114.20,40.67,808.80,228.21,425.72,15.84,114.20,55.18,808.80,183.28,456.13,12.40,114.20,59.41,808.80,159.71,475.48,808.80,648.69,160.11,19.80,808.80,627.12,181.68,22.46,7.37,114.20,73.13,808.80,132.72,488.75,808.80,770.90,37.90,4.69,12.86,114.20,16.72,808.80,120.75,557.13,808.80,671.33,137.47,17.00,19.27,421.78,31.07,808.80,186.91,169.04,us,Custom Sectors,BLOOMIN,
16018,3/9/2021,Romano's Macaroni Grill,9.50,317.55,9.01,506.00,57.08,122.36,8.08,317.55,14.96,506.00,55.85,117.64,3.66,317.55,15.33,506.00,33.85,139.28,506.00,479.03,26.97,5.33,506.00,506.00,0.00,0.00,6.90,317.55,10.77,506.00,45.70,131.98,506.00,501.66,4.34,0.86,1.06,317.55,1.46,506.00,6.82,180.17,506.00,497.72,8.28,1.64,6.99,417.32,11.32,506.00,46.68,30.69,us,Custom Sectors,BLOOMIN,
18021,3/9/2021,Panera Bread,43.18,86.88,24.95,567.71,270.09,185.78,42.48,86.88,18.06,567.71,259.20,203.57,14.87,86.88,59.04,567.71,143.48,278.30,567.71,406.38,161.33,28.42,567.71,449.69,118.02,20.79,25.73,86.88,33.60,567.71,179.65,267.57,567.71,505.00,62.71,11.05,16.49,86.88,10.80,567.71,104.43,365.59,567.71,452.48,115.23,20.30,36.37,247.22,25.04,567.71,231.54,63.90,us,Custom Sectors,BLOOMIN,
15022,3/9/2021,Texas Roadhouse,32.87,66.39,13.40,271.00,102.47,88.74,32.84,66.39,13.59,271.00,102.58,88.44,22.41,66.39,19.64,271.00,80.39,104.58,271.00,212.77,58.23,21.49,271.00,242.69,28.31,10.45,19.94,66.39,14.55,271.00,68.57,121.49,271.00,234.48,36.52,13.48,8.09,66.39,9.95,271.00,31.88,162.78,271.00,229.17,41.83,15.44,31.45,160.92,2.94,271.00,88.17,18.97,us,Custom Sectors,BLOOMIN,
17021,3/9/2021,Taco Bell,20.75,63.75,95.46,792.86,259.94,373.72,2.74,63.75,136.08,792.86,157.81,435.22,24.04,63.75,80.41,792.86,271.01,377.69,792.86,559.10,233.75,29.48,792.86,568.86,223.99,28.25,0.48,63.75,118.91,792.86,122.75,487.44,792.86,747.07,45.78,5.77,8.06,63.75,45.17,792.86,109.07,574.88,792.86,638.62,154.23,19.45,27.43,215.07,70.89,792.86,288.33,218.57,us,Custom Sectors,BLOOMIN,
18017,3/16/2021,IHOP,28.98,67.25,50.85,586.81,220.90,247.81,22.38,67.25,54.89,586.81,186.21,278.46,23.35,67.25,38.01,586.81,175.02,306.52,586.81,463.48,123.33,21.02,586.81,481.91,104.90,17.88,10.51,67.25,58.06,586.81,119.71,341.79,586.81,560.06,26.75,4.56,11.47,67.25,11.81,586.81,79.13,428.61,586.81,495.87,90.94,15.50,28.34,208.38,37.73,586.81,204.05,136.64,us,Custom Sectors,BLOOMIN,
15010,3/16/2021,LongHorn Steakhouse,22.37,107.14,7.54,268.00,67.48,85.85,21.22,107.14,6.05,268.00,62.91,91.91,16.14,107.14,11.17,268.00,54.43,95.26,268.00,224.36,43.64,16.28,268.00,253.85,14.15,5.28,12.13,107.14,6.85,268.00,39.35,114.67,268.00,254.85,13.15,4.91,5.81,107.14,1.53,268.00,17.11,142.22,268.00,249.36,18.64,6.96,16.97,188.74,7.54,268.00,53.01,18.70,us,Custom Sectors,BLOOMIN,
15015,3/16/2021,Outback Steakhouse,32.26,33.51,32.22,268.00,118.67,83.59,27.39,33.51,28.42,268.00,101.82,104.25,18.95,33.51,33.10,268.00,83.90,117.50,268.00,192.33,75.67,28.23,268.00,221.98,46.02,17.17,13.65,33.51,28.45,268.00,65.03,141.00,268.00,226.69,41.31,15.41,8.14,33.51,10.70,268.00,32.51,191.28,268.00,224.79,43.21,16.12,27.38,109.92,22.09,268.00,95.46,40.53,us,Custom Sectors,BLOOMIN,
1000490,3/16/2021,Five Guys,33.84,138.58,25.03,608.16,230.84,213.72,31.07,138.58,25.50,608.16,214.43,229.65,17.44,138.58,44.98,608.16,151.03,273.57,608.16,475.46,132.70,21.82,608.16,568.85,39.31,6.46,14.82,138.58,36.28,608.16,126.42,306.88,608.16,575.21,32.95,5.42,10.59,138.58,12.58,608.16,77.00,380.01,608.16,518.59,89.58,14.73,25.47,311.74,21.76,608.16,176.68,97.99,us,Custom Sectors,BLOOMIN,
17003,3/16/2021,Burger King,23.93,73.10,77.16,805.53,269.92,385.36,13.68,73.10,84.85,805.53,195.02,452.57,20.16,73.10,63.81,805.53,226.23,442.40,805.53,559.93,245.60,30.49,805.53,580.50,225.03,27.94,-1.99,73.10,138.67,805.53,122.63,471.14,805.53,746.40,59.13,7.34,9.36,73.10,31.76,805.53,107.14,593.53,805.53,666.63,138.90,17.24,25.36,197.38,72.98,805.53,277.28,257.90,us,Custom Sectors,BLOOMIN,
17010,3/16/2021,KFC,18.57,71.16,77.97,780.88,222.95,408.81,13.52,71.16,84.13,780.88,189.74,435.87,12.05,71.16,84.41,780.88,178.48,446.84,780.88,612.31,168.58,21.59,780.88,561.06,219.82,28.15,1.45,71.16,116.33,780.88,127.67,465.72,780.88,741.55,39.33,5.04,10.45,71.16,13.39,780.88,94.98,601.36,780.88,672.52,108.37,13.88,19.74,227.54,78.55,780.88,232.71,242.08,us,Custom Sectors,BLOOMIN,
16019,3/16/2021,Olive Garden,39.79,64.61,39.72,477.00,229.54,143.12,35.47,64.61,38.82,477.00,207.99,165.58,28.74,64.61,39.61,477.00,176.70,196.08,477.00,328.64,148.36,31.10,477.00,368.42,108.58,22.76,20.58,64.61,43.31,477.00,141.48,227.59,477.00,433.10,43.90,9.20,11.26,64.61,11.61,477.00,65.33,335.46,477.00,400.07,76.93,16.13,37.02,145.37,34.55,477.00,211.15,85.93,us,Custom Sectors,BLOOMIN,
15006,3/16/2021,Fleming's,3.35,215.26,5.59,268.00,14.57,32.59,7.60,215.26,1.46,268.00,21.82,29.46,-0.93,215.26,7.78,268.00,5.28,39.68,268.00,264.85,3.15,1.17,268.00,265.01,2.99,1.12,4.44,215.26,2.35,268.00,14.26,36.14,268.00,267.27,0.73,0.27,0.61,215.26,0.73,268.00,2.37,49.65,268.00,264.90,3.10,1.15,2.40,248.75,3.22,268.00,9.66,6.37,us,Custom Sectors,BLOOMIN,
17014,3/16/2021,McDonald's,19.26,62.21,126.79,805.21,281.90,334.30,1.76,62.21,153.54,805.21,167.74,421.71,19.16,62.21,109.86,805.21,264.16,368.97,805.21,505.09,300.11,37.27,805.21,475.39,329.82,40.96,-4.57,62.21,159.37,805.21,122.53,461.10,805.21,690.68,114.53,14.22,9.51,62.21,61.54,805.21,138.10,543.35,805.21,605.57,199.64,24.79,21.77,167.01,117.14,805.21,292.40,228.66,us,Custom Sectors,BLOOMIN,
1000638,3/16/2021,Chipotle,22.18,121.34,53.28,598.12,185.93,237.57,24.78,121.34,38.57,598.12,186.80,251.41,16.19,121.34,55.91,598.12,152.74,268.13,598.12,455.87,142.25,23.78,598.12,524.59,73.53,12.29,12.76,121.34,45.53,598.12,121.83,309.42,598.12,536.66,61.46,10.28,10.88,121.34,16.20,598.12,81.29,379.29,598.12,500.63,97.49,16.30,21.57,344.20,20.13,598.12,149.14,84.64,us,Custom Sectors,BLOOMIN,
17016,3/16/2021,Popeyes,13.88,112.44,74.59,799.31,185.50,426.79,8.57,112.44,73.35,799.31,141.88,471.64,8.12,112.44,57.88,799.31,122.82,506.18,799.31,668.82,130.49,16.33,799.31,625.35,173.96,21.76,-0.33,112.44,98.81,799.31,96.18,491.88,799.31,780.12,19.19,2.40,7.72,112.44,32.75,799.31,94.46,559.67,799.31,672.11,127.21,15.91,14.47,440.49,41.76,799.31,157.43,159.63,us,Custom Sectors,BLOOMIN,
16018,3/16/2021,Romano's Macaroni Grill,10.17,269.76,8.36,477.00,56.85,142.03,10.30,269.76,10.22,477.00,59.36,137.66,1.74,269.76,15.20,477.00,23.47,168.57,477.00,452.19,24.81,5.20,477.00,471.33,5.67,1.19,7.75,269.76,8.60,477.00,45.55,153.09,477.00,471.54,5.46,1.14,0.43,269.76,5.00,477.00,7.03,195.21,477.00,464.97,12.03,2.52,7.42,394.98,6.31,477.00,41.72,33.99,us,Custom Sectors,BLOOMIN,
18021,3/16/2021,Panera Bread,37.80,116.02,27.53,601.41,254.88,202.99,38.52,116.02,25.80,601.41,257.45,202.15,17.74,116.02,53.94,601.41,160.61,270.85,601.41,432.99,168.43,28.00,601.41,503.08,98.33,16.35,23.21,116.02,26.92,601.41,166.52,291.96,601.41,543.85,57.56,9.57,17.04,116.02,5.54,601.41,108.02,371.84,601.41,487.86,113.56,18.88,31.42,282.47,27.77,601.41,216.73,74.44,us,Custom Sectors,BLOOMIN,
15022,3/16/2021,Texas Roadhouse,38.28,55.84,13.94,268.00,116.53,81.70,36.22,55.84,14.09,268.00,111.17,86.91,32.03,55.84,15.54,268.00,101.39,95.23,268.00,184.91,83.09,31.00,268.00,231.73,36.27,13.54,20.43,55.84,12.70,268.00,67.46,131.99,268.00,218.50,49.50,18.47,18.64,55.84,6.19,268.00,56.14,149.84,268.00,205.68,62.32,23.25,36.75,129.64,7.91,268.00,106.41,24.04,us,Custom Sectors,BLOOMIN,
17021,3/16/2021,Taco Bell,21.06,81.61,79.28,814.31,250.78,402.64,5.16,81.61,108.91,814.31,150.92,472.88,18.94,81.61,68.72,814.31,222.92,441.06,814.31,596.91,217.40,26.70,814.31,580.88,233.43,28.67,-1.29,81.61,127.09,814.31,116.60,489.00,814.31,779.16,35.15,4.32,11.85,81.61,34.18,814.31,130.71,567.81,814.31,649.42,164.89,20.25,21.87,261.22,72.64,814.31,250.71,229.73,us,Custom Sectors,BLOOMIN,
18017,3/23/2021,IHOP,31.72,74.32,47.38,587.62,233.78,232.13,21.63,74.32,45.98,587.62,173.06,294.26,25.38,74.32,39.02,587.62,188.13,286.15,587.62,477.24,110.38,18.78,587.62,488.79,98.83,16.82,8.94,74.32,59.72,587.62,112.23,341.35,587.62,559.25,28.36,4.83,7.45,74.32,10.75,587.62,54.53,448.02,587.62,522.34,65.28,11.11,27.11,215.54,35.95,587.62,195.26,140.87,us,Custom Sectors,BLOOMIN,
15010,3/23/2021,LongHorn Steakhouse,24.17,88.39,5.40,265.00,69.45,101.77,27.19,88.39,5.95,265.00,78.01,92.65,13.95,88.39,9.00,265.00,45.97,121.64,265.00,222.56,42.44,16.02,265.00,245.70,19.30,7.28,14.06,88.39,8.36,265.00,45.63,122.62,265.00,247.11,17.89,6.75,7.81,88.39,1.47,265.00,22.17,152.97,265.00,241.36,23.64,8.92,15.25,188.67,5.38,265.00,45.79,25.16,us,Custom Sectors,BLOOMIN,
15015,3/23/2021,Outback Steakhouse,42.87,42.24,14.66,265.00,128.25,79.85,37.86,42.24,18.12,265.00,118.45,86.19,25.86,42.24,22.16,265.00,90.70,109.90,265.00,198.70,66.30,25.02,265.00,235.90,29.10,10.98,19.33,42.24,23.53,265.00,74.76,124.47,265.00,224.20,40.80,15.40,10.63,42.24,4.02,265.00,32.19,186.55,265.00,228.79,36.21,13.66,33.08,114.71,14.95,265.00,102.62,32.73,us,Custom Sectors,BLOOMIN,
1000490,3/23/2021,Five Guys,25.40,155.20,34.24,600.93,186.90,224.59,22.44,155.20,23.59,600.93,158.43,263.70,11.86,155.20,46.84,600.93,118.09,280.80,600.93,462.52,138.41,23.03,600.93,576.64,24.29,4.04,10.23,155.20,31.11,600.93,92.56,322.06,600.93,560.49,40.44,6.73,5.25,155.20,16.31,600.93,47.85,381.56,600.93,536.76,64.16,10.68,20.60,330.01,30.49,600.93,154.29,86.14,us,Custom Sectors,BLOOMIN,
17003,3/23/2021,Burger King,25.84,81.57,88.18,838.64,304.86,364.04,14.36,81.57,95.80,838.64,216.24,445.03,20.80,81.57,77.34,838.64,251.81,427.93,838.64,603.46,235.18,28.04,838.64,597.88,240.76,28.71,4.24,81.57,122.30,838.64,157.88,476.90,838.64,774.80,63.84,7.61,7.24,81.57,33.91,838.64,94.62,628.55,838.64,710.12,128.52,15.32,29.55,196.58,66.97,838.64,314.79,260.30,us,Custom Sectors,BLOOMIN,
17010,3/23/2021,KFC,19.03,80.16,100.15,830.28,258.16,391.81,14.59,80.16,97.03,830.28,218.13,434.96,12.34,80.16,91.87,830.28,194.33,463.92,830.28,647.91,182.37,21.97,830.28,597.98,232.30,27.98,2.04,80.16,132.17,830.28,149.07,468.88,830.28,790.99,39.29,4.73,5.54,80.16,41.21,830.28,87.22,621.69,830.28,701.85,128.43,15.47,22.60,245.53,71.41,830.28,259.05,254.30,us,Custom Sectors,BLOOMIN,
16019,3/23/2021,Olive Garden,35.60,56.96,45.22,503.00,224.30,176.51,32.52,56.96,41.76,503.00,205.34,198.94,27.25,56.96,47.46,503.00,184.54,214.04,503.00,342.61,160.39,31.89,503.00,368.10,134.90,26.82,21.01,56.96,37.36,503.00,143.03,265.65,503.00,456.71,46.29,9.20,13.98,56.96,12.99,503.00,83.32,349.73,503.00,406.69,96.31,19.15,33.20,163.64,37.34,503.00,204.35,97.67,us,Custom Sectors,BLOOMIN,
15006,3/23/2021,Fleming's,2.67,224.92,2.14,265.00,9.21,28.72,5.98,224.92,0.64,265.00,16.49,22.95,2.27,224.92,3.29,265.00,9.31,27.47,265.00,262.04,2.96,1.12,265.00,259.55,5.45,2.06,3.48,224.92,1.46,265.00,10.69,27.93,265.00,265.00,0.00,0.00,0.90,224.92,3.16,265.00,5.55,31.37,265.00,256.29,8.71,3.29,1.48,259.04,0.00,265.00,3.92,2.03,us,Custom Sectors,BLOOMIN,
17014,3/23/2021,McDonald's,19.73,61.80,135.00,828.11,298.39,332.92,4.81,61.80,165.11,828.11,204.91,396.29,19.93,61.80,109.29,828.11,274.30,382.73,828.11,538.64,289.47,34.96,828.11,505.95,322.15,38.90,-0.92,61.80,173.27,828.11,165.67,427.38,828.11,722.51,105.60,12.75,8.04,61.80,78.37,828.11,144.97,542.97,828.11,604.76,223.34,26.97,26.06,159.53,108.60,828.11,324.37,235.60,us,Custom Sectors,BLOOMIN,
1000638,3/23/2021,Chipotle,18.41,100.74,59.45,591.96,168.44,263.34,20.77,100.74,36.97,591.96,159.92,294.32,12.67,100.74,50.02,591.96,125.03,316.18,591.96,479.85,112.11,18.94,591.96,498.75,93.22,15.75,11.47,100.74,43.23,591.96,111.13,336.86,591.96,544.23,47.73,8.06,8.69,100.74,16.53,591.96,67.99,406.70,591.96,507.44,84.52,14.28,17.77,330.64,29.17,591.96,134.37,97.79,us,Custom Sectors,BLOOMIN,
17016,3/23/2021,Popeyes,17.39,113.68,64.71,820.60,207.39,434.83,14.44,113.68,57.86,820.60,176.32,472.74,11.07,113.68,60.94,820.60,151.76,494.22,820.60,682.64,137.96,16.81,820.60,644.11,176.49,21.51,5.05,113.68,96.47,820.60,137.88,472.57,820.60,801.05,19.55,2.38,8.61,113.68,19.64,820.60,90.31,596.97,820.60,710.65,109.95,13.40,17.84,437.43,25.32,820.60,171.75,186.10,us,Custom Sectors,BLOOMIN,
16018,3/23/2021,Romano's Macaroni Grill,8.82,293.84,10.98,503.00,55.34,142.84,8.38,293.84,10.97,503.00,53.10,145.10,3.92,293.84,15.87,503.00,35.61,157.68,503.00,477.22,25.78,5.13,503.00,498.89,4.11,0.82,5.70,293.84,11.69,503.00,40.39,157.08,503.00,501.67,1.33,0.26,1.16,293.84,4.33,503.00,10.16,194.67,503.00,488.51,14.49,2.88,6.77,418.25,8.05,503.00,42.08,34.61,us,Custom Sectors,BLOOMIN,
18021,3/23/2021,Panera Bread,36.15,97.07,35.92,581.73,246.25,202.49,35.05,97.07,30.89,581.73,234.81,218.96,13.52,97.07,60.30,581.73,138.95,285.42,581.73,422.72,159.02,27.34,581.73,466.56,115.18,19.80,20.97,97.07,34.58,581.73,156.58,293.50,581.73,525.94,55.80,9.59,10.23,97.07,10.49,581.73,69.99,404.19,581.73,501.26,80.47,13.83,26.75,263.77,35.64,581.73,191.25,91.07,us,Custom Sectors,BLOOMIN,
15022,3/23/2021,Texas Roadhouse,44.41,47.90,8.80,265.00,126.48,81.82,37.62,47.90,15.29,265.00,114.98,86.83,37.32,47.90,10.64,265.00,109.53,96.93,265.00,192.23,72.77,27.46,265.00,237.18,27.82,10.50,24.88,47.90,18.50,265.00,84.43,114.17,265.00,223.60,41.40,15.62,16.92,47.90,5.32,265.00,50.15,161.64,265.00,209.54,55.46,20.93,32.69,143.79,6.95,265.00,93.58,20.68,us,Custom Sectors,BLOOMIN,
17021,3/23/2021,Taco Bell,18.96,84.81,114.08,839.40,273.25,367.25,4.36,84.81,130.73,839.40,167.36,456.50,18.79,84.81,87.44,839.40,245.17,421.98,839.40,617.30,222.11,26.46,839.40,585.62,253.78,30.23,-0.25,84.81,145.45,839.40,143.34,465.80,839.40,793.58,45.83,5.46,9.66,84.81,27.00,839.40,108.07,619.53,839.40,704.34,135.06,16.09,22.76,250.59,85.96,839.40,276.99,225.87,us,Custom Sectors,BLOOMIN,
18017,3/30/2021,IHOP,22.99,30.13,18.49,185.59,61.16,75.82,20.38,30.13,18.34,185.59,56.16,80.97,19.50,30.13,7.65,185.59,43.83,103.99,185.59,151.74,33.86,18.24,185.59,160.09,25.50,13.74,10.86,30.13,16.43,185.59,36.59,102.44,185.59,180.79,4.80,2.59,4.48,30.13,7.33,185.59,15.64,132.50,185.59,162.62,22.97,12.38,26.74,71.39,12.82,185.59,62.44,38.94,us,Custom Sectors,BLOOMIN,
15010,3/30/2021,LongHorn Steakhouse,20.00,29.85,4.24,73.00,18.84,20.06,23.57,29.85,1.45,73.00,18.66,23.03,15.26,29.85,3.79,73.00,14.93,24.42,73.00,63.15,9.85,13.49,73.00,64.76,8.24,11.29,19.61,29.85,2.09,73.00,16.40,24.66,73.00,70.91,2.09,2.86,12.62,29.85,1.45,73.00,10.67,31.03,73.00,60.88,12.12,16.60,13.91,53.36,2.97,73.00,13.12,3.54,us,Custom Sectors,BLOOMIN,
15015,3/30/2021,Outback Steakhouse,33.80,18.88,1.27,73.00,25.94,26.90,28.77,18.88,5.76,73.00,26.76,21.59,19.77,18.88,6.77,73.00,21.19,26.16,73.00,55.21,17.79,24.37,73.00,65.54,7.46,10.22,21.25,18.88,3.54,73.00,19.06,31.52,73.00,64.18,8.82,12.08,17.73,18.88,0.63,73.00,13.57,39.91,73.00,58.79,14.21,19.46,31.64,36.87,2.72,73.00,25.82,7.58,us,Custom Sectors,BLOOMIN,
1000490,3/30/2021,Five Guys,29.87,34.91,6.78,175.82,59.30,74.83,32.79,34.91,2.38,175.82,60.04,78.50,16.97,34.91,10.71,175.82,40.56,89.65,175.82,142.16,33.67,19.15,175.82,168.26,7.56,4.30,15.22,34.91,10.09,175.82,36.85,93.97,175.82,165.97,9.85,5.60,12.13,34.91,1.49,175.82,22.81,116.62,175.82,151.53,24.29,13.82,25.52,93.11,5.13,175.82,50.01,27.58,us,Custom Sectors,BLOOMIN,
17003,3/30/2021,Burger King,24.74,32.17,27.41,253.07,90.02,103.47,6.70,32.17,33.20,253.07,50.17,137.53,18.78,32.17,20.47,253.07,67.99,132.44,253.07,181.42,71.65,28.31,253.07,184.16,68.91,27.23,-4.87,32.17,41.81,253.07,29.50,149.60,253.07,235.25,17.82,7.04,9.46,32.17,11.36,253.07,35.29,174.25,253.07,206.42,46.65,18.43,25.42,64.99,21.92,253.07,86.25,79.92,us,Custom Sectors,BLOOMIN,
17010,3/30/2021,KFC,17.12,21.71,35.45,252.63,78.69,116.77,11.62,21.71,32.29,252.63,61.65,136.98,11.28,21.71,32.44,252.63,60.93,137.54,252.63,195.87,56.76,22.47,252.63,177.15,75.48,29.88,-1.77,21.71,44.52,252.63,40.06,146.33,252.63,236.57,16.06,6.36,13.76,21.71,7.40,252.63,42.15,181.37,252.63,203.08,49.55,19.61,16.66,62.41,29.34,252.63,71.44,89.44,us,Custom Sectors,BLOOMIN,
16019,3/30/2021,Olive Garden,43.15,13.40,15.41,150.00,80.14,41.06,37.58,13.40,14.17,150.00,70.54,51.90,36.27,13.40,14.22,150.00,68.63,53.76,150.00,101.70,48.30,32.20,150.00,113.49,36.51,24.34,23.02,13.40,13.14,150.00,47.67,75.79,150.00,135.02,14.98,9.99,13.01,13.40,7.49,150.00,27.00,102.11,150.00,115.51,34.49,22.99,40.94,42.53,11.57,150.00,72.99,22.91,us,Custom Sectors,BLOOMIN,
15006,3/30/2021,Fleming's,9.60,61.81,0.00,73.00,7.01,4.18,4.26,61.81,0.63,73.00,3.75,6.80,5.59,61.81,0.63,73.00,4.72,5.84,73.00,70.73,2.27,3.11,73.00,72.18,0.82,1.12,7.61,61.81,0.00,73.00,5.55,5.63,73.00,72.18,0.82,1.12,6.46,61.81,0.00,73.00,4.72,6.47,73.00,68.28,4.72,6.46,3.11,69.25,0.00,73.00,2.27,1.47,us,Custom Sectors,BLOOMIN,
17014,3/30/2021,McDonald's,20.39,16.35,38.59,246.39,88.83,102.62,1.20,16.35,46.65,246.39,49.60,133.80,17.38,16.35,29.58,246.39,72.41,128.05,246.39,149.97,96.42,39.13,246.39,143.96,102.43,41.57,-5.50,16.35,54.96,246.39,41.41,133.67,246.39,222.40,23.99,9.74,15.62,16.35,13.84,246.39,52.33,163.87,246.39,180.22,66.17,26.86,20.75,41.32,33.91,246.39,85.04,86.13,us,Custom Sectors,BLOOMIN,
1000638,3/30/2021,Chipotle,22.55,24.51,17.01,169.06,55.13,72.42,22.91,24.51,13.05,169.06,51.77,79.73,12.75,24.51,14.48,169.06,36.03,94.04,169.06,132.36,36.70,21.71,169.06,142.61,26.45,15.64,14.98,24.51,13.83,169.06,39.16,91.56,169.06,150.62,18.44,10.91,1.86,24.51,12.40,169.06,15.54,116.62,169.06,141.12,27.94,16.53,19.33,93.75,8.42,169.06,41.10,25.79,us,Custom Sectors,BLOOMIN,
17016,3/30/2021,Popeyes,19.75,39.19,16.24,244.04,64.45,124.16,13.22,39.19,17.57,244.04,49.84,137.44,13.30,39.19,13.83,244.04,46.28,144.74,244.04,202.08,41.96,17.19,244.04,188.43,55.61,22.79,0.43,39.19,32.92,244.04,33.97,137.96,244.04,237.03,7.00,2.87,13.90,39.19,7.78,244.04,41.70,155.37,244.04,194.56,49.48,20.28,21.30,136.63,8.26,244.04,60.24,38.91,us,Custom Sectors,BLOOMIN,
16018,3/30/2021,Romano's Macaroni Grill,14.73,85.52,1.55,150.00,23.65,39.29,14.28,85.52,1.55,150.00,22.97,39.97,5.07,85.52,5.26,150.00,12.87,46.34,150.00,136.42,13.58,9.06,150.00,146.18,3.82,2.54,10.35,85.52,5.46,150.00,20.99,38.03,150.00,149.36,0.64,0.42,2.82,85.52,3.18,150.00,7.42,53.88,150.00,139.40,10.60,7.07,8.00,120.30,1.96,150.00,13.96,13.78,us,Custom Sectors,BLOOMIN,
18021,3/30/2021,Panera Bread,45.80,35.54,7.33,175.25,87.59,44.79,47.02,35.54,3.77,175.25,86.17,49.77,14.58,35.54,20.21,175.25,45.76,73.74,175.25,113.12,62.13,35.45,175.25,136.11,39.14,22.33,29.19,35.54,8.38,175.25,59.54,71.80,175.25,155.15,20.10,11.47,16.69,35.54,2.97,175.25,32.22,104.51,175.25,140.05,35.20,20.08,42.61,68.82,5.96,175.25,80.64,19.83,us,Custom Sectors,BLOOMIN,
15022,3/30/2021,Texas Roadhouse,30.41,18.61,2.93,73.00,25.13,26.34,31.26,18.61,2.93,73.00,25.74,25.72,26.96,18.61,1.45,73.00,21.13,31.80,73.00,54.83,18.17,24.89,73.00,62.01,10.99,15.05,20.48,18.61,3.54,73.00,18.49,32.36,73.00,67.82,5.18,7.10,16.05,18.61,3.86,73.00,15.58,34.95,73.00,53.56,19.44,26.63,32.15,39.63,0.84,73.00,24.31,8.22,us,Custom Sectors,BLOOMIN,
17021,3/30/2021,Taco Bell,16.31,24.73,37.20,246.65,77.43,107.29,-3.53,24.73,44.53,246.65,35.83,141.57,14.57,24.73,31.11,246.65,67.06,123.75,246.65,181.26,65.39,26.51,246.65,173.54,73.11,29.64,-7.85,24.73,53.30,246.65,33.94,134.69,246.65,228.19,18.47,7.49,11.86,24.73,15.48,246.65,44.73,161.71,246.65,186.44,60.21,24.41,14.80,81.40,31.88,246.65,68.38,64.99,us,Custom Sectors,BLOOMIN,
